model,sequence_index,num_pairs,sink_delta_nll,ordinary_delta_nll,paired_delta_nll,sink_kl,ordinary_kl,paired_kl,sink_logit_l2,ordinary_logit_l2,paired_logit_l2
pythia_1b,1,1,0.012404441833496094,0.06083834171295166,0.048433899879455566,0.00032823672518134117,0.001990770921111107,0.0016625341959297657,5.385566234588623,6.818720817565918,1.433154582977295
pythia_1b,3,1,-0.03043651580810547,-0.032996177673339844,-0.002559661865234375,4.638842074200511e-05,0.000171919004060328,0.0001255305833183229,5.0034871101379395,5.941929340362549,0.9384422302246094
pythia_1b,4,1,-0.0066220760345458984,-0.003077387809753418,0.0035446882247924805,0.0002916493685916066,0.0002787131816148758,-1.2936186976730824e-05,4.689454555511475,9.416377067565918,4.726922512054443
pythia_1b,5,1,-0.00010532140731811523,-0.0029456019401550293,-0.002840280532836914,6.219604983925819e-06,9.333062916994095e-05,8.711102418601513e-05,5.026540279388428,7.894229888916016,2.867689609527588
pythia_1b,6,1,0.057090044021606445,0.045003414154052734,-0.012086629867553711,0.0002955114468932152,0.0005345598328858614,0.00023904838599264622,3.7567033767700195,7.073655605316162,3.3169522285461426
pythia_1b,8,1,-0.0014671087265014648,0.020920872688293457,0.022387981414794922,7.451450801454484e-05,0.000625962158665061,0.0005514476506505162,4.173073768615723,12.21261978149414,8.039546012878418
pythia_1b,9,1,-0.013045698404312134,0.0030360817909240723,0.016081780195236206,0.0006300513632595539,0.00011577887926250696,-0.000514272483997047,8.3450345993042,7.443576812744141,-0.9014577865600586
pythia_1b,10,1,-0.0026521682739257812,-0.003726482391357422,-0.0010743141174316406,0.0002791173756122589,0.0009662795346230268,0.0006871621590107679,4.56263542175293,8.359480857849121,3.7968454360961914
pythia_1b,11,1,-3.902893513441086e-05,1.1827796697616577e-07,3.9147213101387024e-05,2.549157215980813e-06,1.4230131739623175e-07,-2.406855898584581e-06,6.392491340637207,6.06829833984375,-0.32419300079345703
pythia_1b,13,1,0.003236532211303711,-0.004095554351806641,-0.0073320865631103516,0.0001211769413203001,0.0001279142452403903,6.7373039200901985e-06,4.112549304962158,6.6225409507751465,2.5099916458129883
pythia_1b,14,1,0.0041255950927734375,0.024511337280273438,0.0203857421875,0.0005177635466679931,0.0010326243937015533,0.0005148608470335603,5.118053436279297,9.960497856140137,4.84244441986084
pythia_1b,15,1,-4.041008651256561e-06,-5.669449456036091e-05,-5.265348590910435e-05,3.743534762179479e-07,2.7646819944493473e-06,2.3903285182313994e-06,3.9142115116119385,6.449112892150879,2.5349013805389404
pythia_1b,16,1,-3.4749507904052734e-05,0.06853926181793213,0.06857401132583618,1.8891460058512166e-06,0.0019378196448087692,0.001935930498802918,6.18999719619751,9.470636367797852,3.280639171600342
pythia_1b,17,1,0.05202293395996094,0.05516672134399414,0.003143787384033203,0.0003554894356057048,0.002029549330472946,0.0016740598948672414,6.697842597961426,5.935026168823242,-0.7628164291381836
pythia_1b,19,1,0.001684974879026413,0.006376307457685471,0.004691332578659058,5.1208073273301125e-05,0.0005224598571658134,0.0004712517838925123,7.189115047454834,8.79561996459961,1.6065049171447754
pythia_1b,20,1,-0.051053762435913086,-0.05110788345336914,-5.412101745605469e-05,0.001913921907544136,0.001920296810567379,6.3749030232429504e-06,4.788626670837402,5.762958526611328,0.9743318557739258
pythia_1b,22,1,-0.004480957984924316,-0.005396902561187744,-0.0009159445762634277,0.00018086307682096958,0.00017693685367703438,-3.9262231439352036e-06,4.598951816558838,4.1819748878479,-0.4169769287109375
pythia_1b,23,1,0.027166128158569336,0.13855934143066406,0.11139321327209473,0.0007491081487387419,0.0019595096819102764,0.0012104015331715345,7.577301025390625,12.283453941345215,4.70615291595459
pythia_1b,24,1,0.0014445781707763672,-0.05977153778076172,-0.061216115951538086,0.0001472305739298463,0.0002304248046129942,8.319423068314791e-05,3.700868606567383,6.555376052856445,2.8545074462890625
pythia_1b,25,1,0.032219886779785156,0.02632761001586914,-0.005892276763916016,0.0004915622994303703,0.0004941094666719437,2.5471672415733337e-06,3.9508092403411865,5.514216899871826,1.5634076595306396
pythia_1b,26,1,0.021601170301437378,0.021641016006469727,3.984570503234863e-05,0.0006245123222470284,0.0006327219307422638,8.209608495235443e-06,5.180408477783203,6.737904071807861,1.5574955940246582
pythia_1b,27,1,-0.005237102508544922,-0.04549598693847656,-0.04025888442993164,0.00047041376819834113,0.0005040193209424615,3.360555274412036e-05,6.563514709472656,7.918501377105713,1.3549866676330566
pythia_1b,28,1,-0.016409873962402344,0.12052536010742188,0.13693523406982422,0.0004987118300050497,0.003484303131699562,0.0029855913016945124,8.545156478881836,28.422901153564453,19.877744674682617
pythia_1b,29,1,-0.004479408264160156,0.008389472961425781,0.012868881225585938,0.00016478513134643435,0.0004958589561283588,0.0003310738247819245,4.277454853057861,5.421486854553223,1.1440320014953613
pythia_1b,30,1,-0.05682849884033203,-0.09231281280517578,-0.03548431396484375,0.0006918676663190126,0.0006545220967382193,-3.734556958079338e-05,7.497600078582764,6.438784122467041,-1.0588159561157227
pythia_1b,31,1,-0.029149532318115234,-0.025043249130249023,0.004106283187866211,0.00048762490041553974,0.00048151472583413124,-6.110174581408501e-06,4.088704586029053,5.01459264755249,0.9258880615234375
pythia_1b,32,1,9.910156950354576e-05,0.00023925071582198143,0.00014014914631843567,3.949411620851606e-06,7.889015250839293e-06,3.939603629987687e-06,9.653462409973145,11.940638542175293,2.2871761322021484
pythia_1b,33,1,-0.05754661560058594,-0.023072481155395508,0.03447413444519043,0.0003137905150651932,0.0004426604136824608,0.0001288698986172676,5.217597961425781,7.81111478805542,2.5935168266296387
pythia_1b,34,1,-0.026559829711914062,-0.0247344970703125,0.0018253326416015625,0.00024323869729414582,0.0002894792705774307,4.62405732832849e-05,4.470038890838623,4.7982964515686035,0.32825756072998047
pythia_1b,35,1,-0.05285072326660156,0.001669168472290039,0.0545198917388916,0.0004700738936662674,0.00032119499519467354,-0.00014887889847159386,3.9592764377593994,6.878968238830566,2.919691801071167
pythia_1b,36,1,-0.034781455993652344,-0.013426780700683594,0.02135467529296875,0.00048069609329104424,0.000575606245547533,9.49101522564888e-05,3.832383871078491,7.216341972351074,3.383958101272583
pythia_1b,37,1,0.03356856107711792,0.0342441201210022,0.0006755590438842773,0.0014916285872459412,0.0014894511550664902,-2.1774321794509888e-06,5.838764667510986,10.067618370056152,4.228853702545166
pythia_1b,39,1,-4.682689905166626e-05,-0.0034589506685733795,-0.0034121237695217133,2.1249623387120664e-05,0.00020036054775118828,0.00017911092436406761,7.195740222930908,9.814313888549805,2.6185736656188965
pythia_1b,41,1,0.0025811195373535156,-0.07147949934005737,-0.07406061887741089,0.00012547813821583986,0.0019320975989103317,0.0018066194606944919,13.52242660522461,11.866581916809082,-1.6558446884155273
pythia_1b,42,1,-0.04626655578613281,0.03430938720703125,0.08057594299316406,0.0005859537050127983,0.0006478193681687117,6.186566315591335e-05,5.039711952209473,6.473599910736084,1.4338879585266113
pythia_1b,43,1,-0.07227635383605957,-0.03707575798034668,0.03520059585571289,0.0022980375215411186,0.0009005756583064795,-0.0013974618632346392,5.96859884262085,7.288398265838623,1.3197994232177734
pythia_1b,44,1,-0.010478079319000244,0.01675674319267273,0.027234822511672974,0.0003144117072224617,0.0007593957707285881,0.0004449840635061264,7.229665756225586,11.349586486816406,4.11992073059082
pythia_1b,45,1,1.0728836059570312e-06,-0.0008209943771362305,-0.0008220672607421875,1.7634869436733425e-05,3.553733404260129e-05,1.7902464605867863e-05,4.168471813201904,5.393665790557861,1.225193977355957
pythia_1b,46,1,0.016854286193847656,0.05134987831115723,0.03449559211730957,0.0003773234784603119,0.00037853862158954144,1.2151431292295456e-06,3.909945011138916,3.7682764530181885,-0.14166855812072754
pythia_1b,47,1,0.0025600194931030273,0.0030025243759155273,0.0004425048828125,7.939990609884262e-05,0.00010634950012899935,2.694959403015673e-05,3.9575960636138916,5.642739772796631,1.6851437091827393
pythia_1b,48,1,0.010377883911132812,-0.0026102066040039062,-0.012988090515136719,0.0003296147915534675,0.00040785782039165497,7.824302883818746e-05,5.646141052246094,4.943334102630615,-0.7028069496154785
pythia_1b,49,1,0.00031584128737449646,-0.001017048954963684,-0.0013328902423381805,8.534756489098072e-06,3.701243986142799e-05,2.847768337232992e-05,4.3472137451171875,5.597893238067627,1.2506794929504395
pythia_1b,50,1,-0.009797632694244385,-0.007984638214111328,0.0018129944801330566,0.00029578700195997953,0.0003936395514756441,9.785254951566458e-05,5.838764667510986,6.154904365539551,0.31613969802856445
pythia_1b,51,1,0.012568891048431396,0.000921100378036499,-0.011647790670394897,0.000654163770377636,6.719882367178798e-05,-0.000586964946705848,5.605781555175781,7.199252605438232,1.5934710502624512
pythia_1b,52,1,0.0003097187727689743,0.0030153151601552963,0.002705596387386322,1.2909629731439054e-05,0.00018165551591664553,0.00016874588618520647,4.698302268981934,5.832334518432617,1.1340322494506836
pythia_1b,53,1,0.0018894672393798828,-0.03492474555969238,-0.036814212799072266,0.0006158198229968548,0.0006230510771274567,7.231254130601883e-06,6.051355361938477,6.7695631980896,0.718207836151123
pythia_1b,54,1,4.884274676442146e-05,0.0004457952454686165,0.000396952498704195,1.517499185865745e-06,3.051837848033756e-05,2.9000879294471815e-05,5.289597511291504,6.881620407104492,1.5920228958129883
pythia_1b,55,1,0.0013873279094696045,0.016342490911483765,0.01495516300201416,4.41495212726295e-05,0.0009793639183044434,0.0009352143970318139,5.684822082519531,8.420453071594238,2.735630989074707
pythia_1b,56,1,0.005258083343505859,0.0012030601501464844,-0.004055023193359375,0.0003560764598660171,0.00028608343563973904,-6.999302422627807e-05,4.895302772521973,4.49877405166626,-0.3965287208557129
pythia_1b,57,1,-0.005461692810058594,0.025287628173828125,0.03074932098388672,0.001147928647696972,0.0004833791172131896,-0.0006645495304837823,5.6177287101745605,4.911573886871338,-0.7061548233032227
pythia_1b,58,1,-0.00950932502746582,0.0031914710998535156,0.012700796127319336,0.0003203083761036396,0.0003432034282013774,2.289505209773779e-05,3.9520273208618164,5.012438774108887,1.0604114532470703
pythia_1b,59,1,-0.007176518440246582,0.012353897094726562,0.019530415534973145,0.00024057598784565926,0.000928808469325304,0.0006882324814796448,4.769463062286377,6.153933525085449,1.3844704627990723
pythia_1b,60,1,0.0013834238052368164,-0.0008268393576145172,-0.0022102631628513336,4.4125132262706757e-05,2.6335299480706453e-05,-1.7789832782000303e-05,7.145941734313965,5.631166458129883,-1.514775276184082
pythia_1b,61,1,0.002595186233520508,-0.004332065582275391,-0.0069272518157958984,0.0008607734926044941,0.0006083853077143431,-0.000252388184890151,6.488219738006592,6.715896129608154,0.2276763916015625
pythia_1b,62,1,0.004488825798034668,0.004639685153961182,0.00015085935592651367,0.0004023148212581873,0.0003618318005464971,-4.048302071169019e-05,7.230606555938721,8.30532455444336,1.0747179985046387
pythia_1b,64,1,0.03068065643310547,0.015779614448547363,-0.014901041984558105,0.0006344886496663094,0.000464941724203527,-0.00016954692546278238,6.647343158721924,7.493007659912109,0.8456645011901855
pythia_1b,66,1,-0.01517629623413086,-0.0017480850219726562,0.013428211212158203,0.00039692409336566925,0.0004297420382499695,3.281794488430023e-05,4.629652500152588,4.728100299835205,0.09844779968261719
pythia_1b,67,1,-0.001877903938293457,-0.029540300369262695,-0.02766239643096924,0.00026419805362820625,0.0005271849222481251,0.0002629868686199188,5.772258758544922,5.038280010223389,-0.7339787483215332
pythia_1b,68,1,4.0590763092041016e-05,-0.03218817710876465,-0.03222876787185669,1.9579497347876895e-06,0.001507241278886795,0.0015052833291520074,6.191318988800049,8.498356819152832,2.307037830352783
pythia_1b,71,1,0.0008102357387542725,0.002552717924118042,0.0017424821853637695,4.973975592292845e-05,8.57170089147985e-05,3.5977252991870046e-05,4.274409294128418,5.4162516593933105,1.1418423652648926
pythia_1b,72,1,0.04104781150817871,0.0001704692840576172,-0.040877342224121094,0.0005106907337903976,1.586094731464982e-05,-0.0004948297864757478,3.7944107055664062,6.236007213592529,2.441596508026123
pythia_1b,73,1,-0.0475926399230957,-0.03484153747558594,0.012751102447509766,0.0006611223798245192,0.0008569047786295414,0.00019578239880502224,7.966322898864746,9.198338508605957,1.232015609741211
pythia_1b,74,1,-0.007837533950805664,-0.011544227600097656,-0.003706693649291992,0.0002684732899069786,0.0005235830321907997,0.0002551097422838211,4.734374523162842,6.620372295379639,1.8859977722167969
pythia_1b,75,1,-0.08246350288391113,-0.06859517097473145,0.013868331909179688,0.0005381661467254162,0.00030030275229364634,-0.00023786339443176985,4.237791538238525,4.390559673309326,0.15276813507080078
pythia_1b,76,1,0.013255119323730469,0.009679794311523438,-0.0035753250122070312,0.00034786807373166084,0.0004489345010370016,0.00010106642730534077,3.5366389751434326,5.9023919105529785,2.365752935409546
pythia_1b,78,1,-0.014291763305664062,-0.009988784790039062,0.004302978515625,0.00035995058715343475,0.00030140799935907125,-5.85425877943635e-05,4.084668159484863,4.214902877807617,0.1302347183227539
pythia_1b,79,1,0.00024634599685668945,0.03411656618118286,0.03387022018432617,8.284725481644273e-05,0.0005640094168484211,0.00048116216203197837,4.776464462280273,7.017208099365234,2.240743637084961
pythia_1b,80,1,0.00668025016784668,-0.0019948482513427734,-0.008675098419189453,0.00034115975722670555,0.0012308033183217049,0.0008896435610949993,6.217770099639893,6.500697612762451,0.2829275131225586
pythia_1b,81,1,0.04915452003479004,-0.10689210891723633,-0.15604662895202637,0.0004679452395066619,0.0018055378459393978,0.001337592606432736,5.526250839233398,8.782112121582031,3.255861282348633
pythia_1b,82,1,-0.03426933288574219,0.02610015869140625,0.06036949157714844,0.001230780966579914,0.0005089682526886463,-0.0007218127138912678,5.165699005126953,13.202293395996094,8.03659439086914
pythia_1b,83,1,-0.03908941149711609,-0.0016440749168395996,0.03744533658027649,0.0017068218439817429,6.848841439932585e-05,-0.001638333429582417,5.911649703979492,12.83022689819336,6.918577194213867
pythia_1b,84,1,0.006882190704345703,0.008404254913330078,0.001522064208984375,0.0002073931973427534,0.00023727770894765854,2.988451160490513e-05,6.898074150085449,6.0409345626831055,-0.8571395874023438
pythia_1b,85,1,-0.006152689456939697,-0.007826626300811768,-0.0016739368438720703,0.00017629796639084816,0.0003383578732609749,0.00016205990687012672,5.440956115722656,16.860992431640625,11.420036315917969
pythia_1b,87,1,-0.00025069713592529297,0.005211949348449707,0.005462646484375,0.00016537182091269642,0.00025037728482857347,8.500546391587704e-05,4.267706871032715,6.244411945343018,1.9767050743103027
pythia_1b,88,1,-0.02008342742919922,-0.013162374496459961,0.006921052932739258,0.0004254113882780075,0.0007022498175501823,0.00027683842927217484,4.264016628265381,5.661742687225342,1.397726058959961
pythia_1b,91,1,0.009337365627288818,0.003732144832611084,-0.005605220794677734,0.00025162799283862114,0.0001888892729766667,-6.273871986195445e-05,6.94179630279541,11.111577987670898,4.169781684875488
pythia_1b,92,1,0.01236724853515625,0.03027629852294922,0.01790904998779297,0.0005051456391811371,0.00041374354623258114,-9.140209294855595e-05,4.842831611633301,5.465275287628174,0.622443675994873
pythia_1b,93,1,-0.019028276205062866,-0.05162802338600159,-0.03259974718093872,0.00042174477130174637,0.0027172937989234924,0.002295549027621746,6.220164775848389,11.043021202087402,4.822856426239014
pythia_1b,94,1,0.0020170211791992188,0.0762491226196289,0.07423210144042969,0.0004015672020614147,0.0008033770136535168,0.00040180981159210205,4.8508195877075195,5.430563449859619,0.5797438621520996
pythia_1b,96,1,0.0024071335792541504,0.001773834228515625,-0.0006332993507385254,0.00011317699681967497,0.00011210172669962049,-1.0752701200544834e-06,4.703298568725586,7.1839799880981445,2.4806814193725586
pythia_1b,98,1,0.00015749037265777588,-0.0002143383026123047,-0.00037182867527008057,6.010777724441141e-06,2.5405603082617745e-05,1.9394825358176604e-05,3.6768853664398193,10.569323539733887,6.892438173294067
pythia_1b,99,1,-5.94467855989933e-05,-4.1374703869223595e-05,1.8072081729769707e-05,1.9834988052025437e-06,1.4966026355978101e-06,-4.868961696047336e-07,4.494412899017334,4.9995269775390625,0.5051140785217285
pythia_1b,100,1,-0.0006284713745117188,0.05287647247314453,0.05350494384765625,0.00039429194293916225,0.0004857440944761038,9.145215153694153e-05,4.517657279968262,5.704610347747803,1.186953067779541
pythia_1b,101,1,0.016836166381835938,-0.05061912536621094,-0.06745529174804688,0.00042165699414908886,0.0005147415213286877,9.308452717959881e-05,5.789573669433594,6.838383674621582,1.0488100051879883
pythia_1b,102,1,-0.07195281982421875,-0.005876302719116211,0.06607651710510254,0.0003944048658013344,0.0004730571527034044,7.865228690207005e-05,4.020554542541504,9.469435691833496,5.448881149291992
pythia_1b,103,1,-0.058956146240234375,-0.05897951126098633,-2.3365020751953125e-05,0.00019350694492459297,0.00023931649047881365,4.5809545554220676e-05,5.057024955749512,7.107548713684082,2.0505237579345703
pythia_1b,104,1,0.004408121109008789,0.002190709114074707,-0.002217411994934082,0.000228244811296463,0.00022295687813311815,-5.28793316334486e-06,4.959262847900391,5.1775336265563965,0.21827077865600586
pythia_1b,105,1,-0.00023889541625976562,0.0048465728759765625,0.005085468292236328,0.00016053207218647003,0.0003711853642016649,0.0002106532920151949,5.390822410583496,9.693666458129883,4.302844047546387
pythia_1b,106,1,0.0010557174682617188,-0.03269505500793457,-0.03375077247619629,0.00031944422516971827,0.0009716874919831753,0.000652243266813457,4.420150279998779,11.976436614990234,7.556286334991455
pythia_1b,107,1,-0.03497445583343506,-0.03338515758514404,0.0015892982482910156,0.00054532615467906,0.0006684716790914536,0.00012314552441239357,5.520509243011475,5.608879089355469,0.08836984634399414
pythia_1b,109,1,-0.004055500030517578,-0.02865910530090332,-0.024603605270385742,0.00013365800259634852,0.00048200134187936783,0.0003483433392830193,3.609088897705078,5.421694278717041,1.812605381011963
pythia_1b,110,1,0.04286909103393555,-0.0012314319610595703,-0.04410052299499512,0.0005207797512412071,0.00018995755817741156,-0.00033082219306379557,5.948892593383789,6.657825469970703,0.7089328765869141
pythia_1b,111,1,0.004954814910888672,0.01634979248046875,0.011394977569580078,0.0002355106407776475,0.0012933295220136642,0.0010578188812360168,5.079625129699707,6.333454132080078,1.253829002380371
pythia_1b,113,1,0.040966033935546875,0.019698143005371094,-0.02126789093017578,0.000420162919908762,0.0005048587918281555,8.469587191939354e-05,5.214235305786133,6.694930553436279,1.4806952476501465
pythia_1b,114,1,-0.004824638366699219,0.02507781982421875,0.02990245819091797,0.00019762373995035887,0.00039877963718026876,0.0002011558972299099,3.7763266563415527,6.2159342765808105,2.439607620239258
pythia_1b,115,1,0.04331254959106445,0.04643356800079346,0.003121018409729004,0.0005250214599072933,0.0007417560555040836,0.00021673459559679031,5.116501331329346,6.624786853790283,1.5082855224609375
pythia_1b,118,1,0.0004952549934387207,0.004242599010467529,0.0037473440170288086,3.246553387725726e-05,0.00017631403170526028,0.00014384849782800302,4.859835624694824,6.061234951019287,1.201399326324463
pythia_1b,119,1,-0.0030710697174072266,0.009896516799926758,0.012967586517333984,0.0005835429765284061,0.0004054121673107147,-0.00017813080921769142,6.129968643188477,7.752478122711182,1.622509479522705
pythia_1b,120,1,0.0029947757720947266,-0.0015871524810791016,-0.004581928253173828,0.00011652096873149276,0.00027300475630909204,0.0001564837875775993,3.3691234588623047,5.71132230758667,2.3421988487243652
pythia_1b,121,1,0.007969856262207031,-0.00328826904296875,-0.011258125305175781,0.00025617610663175583,0.0005301652709022164,0.0002739891642704606,5.424466609954834,12.026144027709961,6.601677417755127
pythia_1b,122,1,0.0014172345399856567,0.0013119131326675415,-0.00010532140731811523,5.195976700633764e-05,7.86063028499484e-05,2.6646535843610764e-05,4.187815189361572,7.929656505584717,3.7418413162231445
pythia_1b,123,1,0.006133556365966797,-0.028010845184326172,-0.03414440155029297,0.0006478040013462305,0.0006085031200200319,-3.930088132619858e-05,5.562980651855469,5.536506652832031,-0.0264739990234375
pythia_1b,124,1,-0.0019635260105133057,-0.00090809166431427,0.0010554343461990356,5.655689164996147e-05,3.1563875381834805e-05,-2.4993016268126667e-05,5.064129829406738,5.485350131988525,0.4212203025817871
pythia_1b,125,1,-0.05051329731941223,0.00013458728790283203,0.050647884607315063,0.0020632287487387657,0.00017000583466142416,-0.0018932229140773416,6.5361738204956055,7.015533447265625,0.47935962677001953
pythia_1b,126,1,-0.0561366081237793,-0.05822896957397461,-0.0020923614501953125,0.00033472408540546894,0.0003705883864313364,3.586430102586746e-05,5.339200973510742,6.00631046295166,0.667109489440918
pythia_1b,127,1,0.05825638771057129,0.04846763610839844,-0.009788751602172852,0.0004868552787229419,0.000494551844894886,7.696566171944141e-06,5.10752534866333,7.129001617431641,2.0214762687683105
pythia_1b,128,1,0.0011274665594100952,0.0009336173534393311,-0.00019384920597076416,5.3645053412765265e-05,7.199370884336531e-05,1.8348655430600047e-05,11.051485061645508,11.356587409973145,0.3051023483276367
pythia_1b,129,1,0.0039882659912109375,5.7697296142578125e-05,-0.003930568695068359,0.00013424537610262632,0.00013580144150182605,1.5560653991997242e-06,6.646515846252441,7.462769031524658,0.8162531852722168
pythia_1b,130,1,0.02340555191040039,0.08478116989135742,0.06137561798095703,0.0014920299872756004,0.0009305919520556927,-0.0005614380352199078,4.269443035125732,9.629782676696777,5.360339641571045
pythia_1b,131,1,0.0012331008911132812,0.0296783447265625,0.02844524383544922,0.00028847542125731707,0.0005581118166446686,0.0002696363953873515,4.435630798339844,7.539303779602051,3.103672981262207
pythia_1b,132,1,0.03348493576049805,-0.028651714324951172,-0.06213665008544922,0.0004937080666422844,0.0005017342045903206,8.026137948036194e-06,4.360997200012207,5.286850452423096,0.9258532524108887
pythia_1b,133,1,0.0032372474670410156,-0.006306171417236328,-0.009543418884277344,0.00033204350620508194,0.0002074429066851735,-0.00012460059951990843,4.651960372924805,4.300288200378418,-0.3516721725463867
pythia_1b,134,1,0.00039292825385928154,0.0003124373033642769,-8.049095049500465e-05,1.2087664799764752e-05,1.0457384632900357e-05,-1.6302801668643951e-06,5.029217720031738,5.772886276245117,0.7436685562133789
pythia_1b,135,1,0.0003755739890038967,0.00033182953484356403,-4.374445416033268e-05,2.6821799110621214e-05,2.0484731066972017e-05,-6.337068043649197e-06,6.671056270599365,7.1181960105896,0.4471397399902344
pythia_1b,136,1,-0.0015811920166015625,-0.031445980072021484,-0.029864788055419922,6.596869206987321e-05,0.0005720383487641811,0.0005060696566943079,4.824690341949463,5.071405410766602,0.24671506881713867
pythia_1b,137,1,-0.0002584606409072876,0.00023981928825378418,0.0004982799291610718,2.5482004275545478e-05,9.686627890914679e-06,-1.57953763846308e-05,5.575573921203613,6.082548141479492,0.5069742202758789
pythia_1b,138,1,0.0031185150146484375,0.07046890258789062,0.06735038757324219,0.00032666674815118313,0.00086172204464674,0.0005350552964955568,5.614286422729492,9.39725399017334,3.7829675674438477
pythia_1b,139,1,0.020153045654296875,0.06569790840148926,0.04554486274719238,0.0005079212132841349,0.0012184008955955505,0.0007104796823114157,5.527923107147217,8.518580436706543,2.990657329559326
pythia_1b,140,1,-0.03894472122192383,-0.03412485122680664,0.0048198699951171875,0.00048607424832880497,0.0006523464107885957,0.0001662721624597907,5.885886192321777,9.007946014404297,3.1220598220825195
pythia_1b,141,1,-0.003468155860900879,-0.053310275077819824,-0.049842119216918945,0.00048393034376204014,0.0009462516754865646,0.0004623213317245245,4.534334182739258,7.01532506942749,2.4809908866882324
pythia_1b,143,1,4.3392181396484375e-05,0.0030965805053710938,0.0030531883239746094,1.3751407095696777e-05,0.00012866081669926643,0.00011490940960356966,4.243866443634033,7.224946975708008,2.9810805320739746
pythia_1b,144,1,-0.06663680076599121,-0.00144195556640625,0.06519484519958496,0.0008260896429419518,0.000419787538703531,-0.0004063021042384207,6.430585861206055,9.112189292907715,2.68160343170166
pythia_1b,145,1,-0.011075139045715332,-0.032233595848083496,-0.021158456802368164,0.00042235711589455605,0.0005380457732826471,0.00011568865738809109,4.176076889038086,6.300098896026611,2.1240220069885254
pythia_1b,146,1,0.0019208192825317383,-0.0064046382904052734,-0.008325457572937012,0.000388368614949286,0.00034952082205563784,-3.884779289364815e-05,5.136183738708496,6.278740882873535,1.142557144165039
pythia_1b,147,1,-0.0372164249420166,0.0009691715240478516,0.03818559646606445,0.001517617143690586,3.681067028082907e-05,-0.001480806473409757,4.997447490692139,7.383741855621338,2.386294364929199
pythia_1b,149,1,0.00015627266839146614,-2.212286926805973e-05,-0.00017839553765952587,6.2094550230540335e-06,1.2892978702438995e-06,-4.920157152810134e-06,8.671085357666016,8.251693725585938,-0.4193916320800781
pythia_1b,150,1,-0.04885363578796387,-0.04081535339355469,0.00803828239440918,0.0005138712003827095,0.00044803833588957787,-6.583286449313164e-05,4.66845178604126,5.003245830535889,0.3347940444946289
pythia_1b,151,1,-0.024493694305419922,0.013183116912841797,0.03767681121826172,0.00103267771191895,0.0008609895594418049,-0.0001716881524771452,6.675793170928955,8.43483829498291,1.759045124053955
pythia_1b,152,1,0.0010297298431396484,0.0076712965965271,0.006641566753387451,7.81057751737535e-05,0.00023109791800379753,0.00015299214283004403,5.9000749588012695,6.431719779968262,0.5316448211669922
pythia_1b,153,1,-0.00044847559183835983,2.216547727584839e-05,0.0004706410691142082,2.3523607524111867e-05,1.8071787053486332e-06,-2.1716428818763234e-05,5.927733898162842,5.859963417053223,-0.06777048110961914
pythia_1b,154,1,0.0021898746490478516,0.035807013511657715,0.03361713886260986,0.00011020060628652573,0.0006677128840237856,0.0005575122777372599,6.644967079162598,9.18726921081543,2.542302131652832
pythia_1b,155,1,-0.002171039581298828,-0.014143228530883789,-0.011972188949584961,0.0002148738130927086,0.00044114794582128525,0.00022627413272857666,3.524322032928467,5.385819435119629,1.861497402191162
pythia_1b,157,1,0.024781346321105957,0.024566292762756348,-0.00021505355834960938,0.0011735162697732449,0.0010954225435853004,-7.809372618794441e-05,6.630554676055908,4.500887870788574,-2.129666805267334
pythia_1b,158,1,0.08328723907470703,-0.02385401725769043,-0.10714125633239746,0.0014538951218128204,0.0005193972028791904,-0.00093449791893363,6.205078125,5.527424335479736,-0.6776537895202637
pythia_1b,159,1,-0.0037602782249450684,0.017956137657165527,0.021716415882110596,0.0002759452909231186,0.00040234695188701153,0.00012640166096389294,5.813584804534912,6.01622200012207,0.2026371955871582
pythia_1b,160,1,0.038275718688964844,0.033690452575683594,-0.00458526611328125,0.0006173332221806049,0.0015983954071998596,0.0009810621850192547,6.360707759857178,15.145434379577637,8.784726619720459
pythia_1b,161,1,-0.0005426406860351562,-0.003448486328125,-0.0029058456420898438,0.00020116905216127634,0.0002583918394520879,5.722278729081154e-05,4.604778289794922,5.588433742523193,0.9836554527282715
pythia_1b,162,1,-0.05086708068847656,-0.04829216003417969,0.002574920654296875,0.000539066269993782,0.0005784286186099052,3.93623486161232e-05,4.5732293128967285,6.300057888031006,1.7268285751342773
pythia_1b,163,1,-0.0037945210933685303,-0.0017354786396026611,0.002059042453765869,0.00021002776338718832,0.00013653887435793877,-7.348888902924955e-05,6.52822208404541,6.222667694091797,-0.3055543899536133
pythia_1b,164,1,-0.014297574758529663,2.2083520889282227e-05,0.014319658279418945,0.0008051650947891176,1.3874115438738954e-06,-0.0008037776832452437,5.821140766143799,6.920711994171143,1.0995712280273438
pythia_1b,165,1,-0.002341747283935547,0.004553318023681641,0.0068950653076171875,0.00014280425966717303,0.00031320482958108187,0.00017040056991390884,3.5240375995635986,6.729201793670654,3.2051641941070557
pythia_1b,166,1,-0.002269268035888672,-0.008005380630493164,-0.005736112594604492,0.0003019726136699319,0.0002515915548428893,-5.038105882704258e-05,4.307570457458496,5.486799716949463,1.1792292594909668
pythia_1b,167,1,-0.0037420988082885742,0.001512289047241211,0.005254387855529785,0.00012433543452061713,0.0001478884369134903,2.3553002392873168e-05,5.067574977874756,4.430994033813477,-0.6365809440612793
pythia_1b,168,1,0.0011756420135498047,0.003068685531616211,0.0018930435180664062,0.0002136356197297573,0.0001553196634631604,-5.831595626659691e-05,5.629515171051025,7.142104148864746,1.5125889778137207
pythia_1b,169,1,0.0009636878967285156,-0.027086257934570312,-0.028049945831298828,0.0003960439935326576,0.0005215401761233807,0.00012549618259072304,6.285184383392334,6.04756498336792,-0.23761940002441406
pythia_1b,170,1,-0.0014640092849731445,-0.06600993871688843,-0.06454592943191528,7.069975254125893e-05,0.0025091110728681087,0.00243841132032685,4.708038330078125,5.799912452697754,1.091874122619629
pythia_1b,171,1,-0.007929563522338867,0.009213447570800781,0.01714301109313965,0.0016037956811487675,0.00035177217796444893,-0.0012520235031843185,5.7265520095825195,9.460888862609863,3.7343368530273438
pythia_1b,172,1,0.0021463409066200256,6.334856152534485e-06,-0.002140006050467491,0.00012920747394673526,4.761245691042859e-07,-0.00012873134937763098,5.9061360359191895,7.394021034240723,1.4878849983215332
pythia_1b,173,1,-0.0008538961410522461,-0.019313812255859375,-0.01845991611480713,0.000620122067630291,0.0004549850709736347,-0.00016513699665665627,4.482514381408691,6.83734130859375,2.3548269271850586
pythia_1b,174,1,6.251037120819092e-06,-8.091330528259277e-06,-1.4342367649078369e-05,3.229151843697764e-07,6.834784471720923e-07,3.605632628023159e-07,5.643682479858398,8.923687934875488,3.28000545501709
pythia_1b,175,1,-0.007299900054931641,-0.005661964416503906,0.0016379356384277344,0.00047203549183905125,0.0009477457497268915,0.00047571025788784027,6.213054656982422,9.291619300842285,3.0785646438598633
pythia_1b,177,1,0.002860426902770996,-0.0639728307723999,-0.0668332576751709,0.00034441458410583436,0.001282083336263895,0.0009376687521580607,4.7066802978515625,10.61783504486084,5.911154747009277
pythia_1b,178,1,-0.01913928985595703,0.03475666046142578,0.05389595031738281,0.00043935561552643776,0.000516131054610014,7.67754390835762e-05,4.0528564453125,6.731804370880127,2.678947925567627
pythia_1b,179,1,0.01811981201171875,-0.04424285888671875,-0.0623626708984375,0.00023131573107093573,0.00035691133234649897,0.00012559560127556324,4.289846420288086,7.644426345825195,3.3545799255371094
pythia_1b,180,1,-0.0011047720909118652,-0.0005238652229309082,0.000580906867980957,3.4886004868894815e-05,0.00016329542268067598,0.00012840941781178117,3.889404296875,4.652390480041504,0.7629861831665039
pythia_1b,181,1,-0.000544130802154541,0.003255218267440796,0.003799349069595337,2.303093788214028e-05,0.0001690478529781103,0.00014601691509597003,3.9638946056365967,5.458049774169922,1.4941551685333252
pythia_1b,182,1,-0.0003129690885543823,0.0001852177083492279,0.0004981867969036102,1.1405180885049049e-05,2.810073783621192e-05,1.669555695116287e-05,3.848512649536133,6.378886699676514,2.530374050140381
pythia_1b,183,1,0.0017817020416259766,-0.0004191398620605469,-0.0022008419036865234,5.4968229960650206e-05,4.948984133079648e-05,-5.4783886298537254e-06,5.367058277130127,5.220048427581787,-0.14700984954833984
pythia_1b,186,1,-0.04166257381439209,-0.027901291847229004,0.013761281967163086,0.0006015710532665253,0.0005282703787088394,-7.330067455768585e-05,6.531495094299316,6.951103687286377,0.41960859298706055
pythia_1b,187,1,7.152557373046875e-06,-0.0019524097442626953,-0.001959562301635742,4.688528133556247e-05,6.641622167080641e-05,1.953094033524394e-05,4.577548980712891,5.809475898742676,1.2319269180297852
pythia_1b,188,1,0.000957489013671875,0.01799774169921875,0.017040252685546875,0.000125588703667745,0.0006765087600797415,0.0005509200564119965,3.675102949142456,6.172428607940674,2.4973256587982178
pythia_1b,189,1,0.03716015815734863,0.07419943809509277,0.03703927993774414,0.0005370262078940868,0.0006331447511911392,9.611854329705238e-05,4.5301289558410645,7.194386005401611,2.664257049560547
pythia_1b,190,1,-0.0006308555603027344,0.008198261260986328,0.008829116821289062,0.00015958468429744244,0.0004304763861000538,0.00027089170180261135,5.312458515167236,5.320845127105713,0.008386611938476562
pythia_1b,191,1,0.0062580108642578125,-0.044281721115112305,-0.05053973197937012,0.0002157901180908084,0.0004185072612017393,0.00020271714311093092,4.8231048583984375,5.425614356994629,0.6025094985961914
pythia_1b,193,1,-0.016458749771118164,-0.0005792379379272461,0.015879511833190918,0.0009367904276587069,0.000591739546507597,-0.00034505088115110993,5.215603828430176,6.105643272399902,0.8900394439697266
pythia_1b,194,1,0.00013427063822746277,0.0020247139036655426,0.0018904432654380798,7.93643994256854e-06,6.424997991416603e-05,5.631353997159749e-05,4.201694965362549,5.10590934753418,0.9042143821716309
pythia_1b,195,1,-0.001226751133799553,0.0006174314767122269,0.0018441826105117798,3.906506753992289e-05,1.9669736502692103e-05,-1.939533103723079e-05,4.345512390136719,4.948010444641113,0.6024980545043945
pythia_1b,198,1,-0.005391597747802734,0.006773471832275391,0.012165069580078125,0.00024991558166220784,0.000628679059445858,0.00037876347778365016,6.609397888183594,7.213447093963623,0.6040492057800293
pythia_1b,199,1,-0.01645040512084961,-0.09675884246826172,-0.08030843734741211,0.0005515576340258121,0.004854537546634674,0.004302979912608862,6.654274940490723,11.94399642944336,5.289721488952637
pythia_1b,200,1,-0.010049819946289062,-0.014905929565429688,-0.004856109619140625,0.00029613901278935373,0.0006042930763214827,0.00030815406353212893,5.407662391662598,9.71322250366211,4.305560111999512
pythia_1b,202,1,-0.004701375961303711,-0.009763956069946289,-0.005062580108642578,0.00018826118321157992,0.00042133964598178864,0.00023307846277020872,5.0050129890441895,8.736806869506836,3.7317938804626465
pythia_1b,203,1,0.045159339904785156,0.04533863067626953,0.000179290771484375,0.0017839837819337845,0.0017784014344215393,-5.582347512245178e-06,6.339530944824219,6.057454586029053,-0.282076358795166
pythia_1b,204,1,-0.0052297115325927734,-0.009319543838500977,-0.004089832305908203,0.0003405095776543021,0.0002994657261297107,-4.1043851524591446e-05,3.8881442546844482,5.594011306762695,1.705867052078247
pythia_1b,206,1,-0.003400444984436035,0.012027621269226074,0.01542806625366211,0.00026699661975726485,0.0014437923673540354,0.0011767957475967705,4.755245208740234,5.545827388763428,0.7905821800231934
pythia_1b,207,1,-0.03748643398284912,-0.02935612201690674,0.008130311965942383,0.0006403429433703423,0.0004907585680484772,-0.00014958437532186508,3.8280866146087646,4.053498268127441,0.22541165351867676
pythia_1b,208,1,-0.0007137805223464966,-0.011802569031715393,-0.011088788509368896,2.5198794901371002e-05,0.0006025386974215508,0.0005773399025201797,3.6394541263580322,6.994418621063232,3.3549644947052
pythia_1b,209,1,0.030611038208007812,0.036736249923706055,0.006125211715698242,0.0005547506734728813,0.0005559800192713737,1.2293457984924316e-06,4.040206432342529,4.213606357574463,0.1733999252319336
pythia_1b,212,1,0.0015780925750732422,0.0019004344940185547,0.0003223419189453125,4.9723777920007706e-05,7.27472361177206e-05,2.3023458197712898e-05,3.9870588779449463,6.472841739654541,2.4857828617095947
pythia_1b,213,1,0.016086548566818237,-0.0012562572956085205,-0.017342805862426758,0.0005162754096090794,0.00018246960826218128,-0.0003338058013468981,8.244755744934082,8.907644271850586,0.6628885269165039
pythia_1b,214,1,-0.016808032989501953,0.007048130035400391,0.023856163024902344,0.0004397723823785782,0.00023904652334749699,-0.0002007258590310812,5.248564720153809,4.120244026184082,-1.1283206939697266
pythia_1b,215,1,0.03702354431152344,0.0007867813110351562,-0.03623676300048828,0.0004127004649490118,0.0005487524904310703,0.00013605202548205853,5.058807373046875,8.366872787475586,3.308065414428711
pythia_1b,216,1,-0.003429889678955078,0.00031757354736328125,0.0037474632263183594,9.666860569268465e-05,0.000182069226866588,8.540062117390335e-05,5.151805877685547,7.234987258911133,2.083181381225586
pythia_1b,217,1,0.005244016647338867,-0.006667137145996094,-0.011911153793334961,0.0004298919811844826,0.0004629765171557665,3.308453597128391e-05,3.969111204147339,6.322646141052246,2.3535349369049072
pythia_1b,218,1,0.008808262646198273,0.008445724844932556,-0.00036253780126571655,0.0004841894842684269,0.000519909430295229,3.571994602680206e-05,7.68284797668457,11.162012100219727,3.4791641235351562
pythia_1b,219,1,0.0014195442199707031,0.009124755859375,0.007705211639404297,0.0003301386022940278,0.00047182681737467647,0.00014168821508064866,4.1402058601379395,6.548377990722656,2.408172130584717
pythia_1b,220,1,-0.0016378462314605713,-0.0006223320960998535,0.0010155141353607178,0.00011560390703380108,4.1638093534857035e-05,-7.396581349894404e-05,5.252377986907959,5.9345526695251465,0.6821746826171875
pythia_1b,221,1,0.00935983657836914,0.000607617199420929,-0.008752219378948212,0.0005294622387737036,2.2838619770482183e-05,-0.0005066236190032214,5.708372116088867,7.907676696777344,2.1993045806884766
pythia_1b,222,1,0.023835599422454834,8.797645568847656e-05,-0.023747622966766357,0.0006740838289260864,0.00017264639609493315,-0.0005014374328311533,7.870345592498779,8.913567543029785,1.0432219505310059
pythia_1b,223,1,0.0012433528900146484,0.004583120346069336,0.0033397674560546875,6.427132757380605e-05,0.0001608793972991407,9.660806972533464e-05,4.313772201538086,4.908730983734131,0.5949587821960449
pythia_1b,224,1,0.011903941631317139,-0.0003997683525085449,-0.012303709983825684,0.00036607682704925537,0.0001277138653676957,-0.00023836296168155968,5.428890705108643,8.092442512512207,2.6635518074035645
pythia_1b,225,1,-0.0066002607345581055,-0.01756596565246582,-0.010965704917907715,0.00044476427137851715,0.00043473392724990845,-1.0030344128608704e-05,5.188143253326416,7.242647171020508,2.054503917694092
pythia_1b,226,1,-0.03515911102294922,0.01742076873779297,0.05257987976074219,0.0001810891553759575,0.0003635909524746239,0.00018250179709866643,3.827972888946533,5.093523025512695,1.265550136566162
pythia_1b,227,1,-0.005463600158691406,0.0011277198791503906,0.006591320037841797,0.00018946304044220597,0.00014348381955642253,-4.5979220885783434e-05,4.356563568115234,4.476259231567383,0.11969566345214844
pythia_1b,228,1,0.0012335777282714844,0.026810646057128906,0.025577068328857422,0.00031873397529125214,0.0005651572719216347,0.00024642329663038254,6.563938617706299,6.618496894836426,0.05455827713012695
pythia_1b,229,1,-2.5334767997264862e-05,0.00019945716485381126,0.00022479193285107613,5.0826038204832e-06,1.2867734767496586e-05,7.785130947013386e-06,6.031032562255859,13.096144676208496,7.065112113952637
pythia_1b,230,1,-3.0994415283203125e-05,0.0019358396530151367,0.00196683406829834,8.739635813981295e-05,7.608742453157902e-05,-1.1308933608233929e-05,4.516750335693359,5.075222492218018,0.5584721565246582
pythia_1b,231,1,0.04765629768371582,0.039441823959350586,-0.008214473724365234,0.0006272282917052507,0.0005563630256801844,-7.086526602506638e-05,3.821704387664795,4.747934341430664,0.9262299537658691
pythia_1b,232,1,0.004261970520019531,-0.016193628311157227,-0.020455598831176758,0.0002020350657403469,0.0007296900730580091,0.0005276550073176622,5.8438591957092285,9.808316230773926,3.9644570350646973
pythia_1b,233,1,0.0007420480251312256,-0.021953776478767395,-0.02269582450389862,5.2052870159968734e-05,0.0011915108188986778,0.001139457948738709,4.761829376220703,4.92165994644165,0.15983057022094727
pythia_1b,234,1,0.000758051872253418,0.0018910765647888184,0.0011330246925354004,4.843719943892211e-05,0.00011185890616616234,6.342170672724023e-05,5.149464130401611,6.594535827636719,1.4450716972351074
pythia_1b,237,1,1.0710209608078003e-06,2.7608242817223072e-05,2.6537221856415272e-05,9.218060768034775e-07,1.1868587534991093e-06,2.650526766956318e-07,6.226816654205322,7.599827289581299,1.3730106353759766
pythia_1b,238,1,0.0034241676330566406,0.0023832321166992188,-0.0010409355163574219,0.00024530384689569473,0.00037649786099791527,0.00013119401410222054,5.279350280761719,5.790827751159668,0.5114774703979492
pythia_1b,239,1,-0.009646892547607422,-0.05051684379577637,-0.040869951248168945,0.0003436637343838811,0.0008449982851743698,0.0005013345507904887,3.6750309467315674,5.320571422576904,1.645540475845337
pythia_1b,240,1,-1.1436815839260817e-05,-3.5740085877478123e-06,7.862807251513004e-06,7.968305908434559e-07,8.144749017446884e-07,1.764431090123253e-08,7.129644870758057,6.706108570098877,-0.4235363006591797
pythia_1b,241,1,0.0005537271499633789,-1.990795135498047e-05,-0.0005736351013183594,0.00018195921438746154,0.00014079464017413557,-4.116457421332598e-05,6.263029098510742,7.252181053161621,0.9891519546508789
pythia_1b,243,1,-0.0028680115938186646,-0.0008717924356460571,0.0019962191581726074,9.561859769746661e-05,3.348007157910615e-05,-6.213852611836046e-05,5.183923721313477,5.809788703918457,0.6258649826049805
pythia_1b,244,1,0.0037657618522644043,-0.0036642644554376602,-0.0074300263077020645,0.00023943628184497356,0.00022693094797432423,-1.2505333870649338e-05,16.510385513305664,10.786266326904297,-5.724119186401367
pythia_1b,245,1,0.057306766510009766,0.06318426132202148,0.005877494812011719,0.0004716683179140091,0.0003666456323117018,-0.00010502268560230732,7.1854705810546875,5.04606294631958,-2.1394076347351074
pythia_1b,246,1,0.03178286552429199,0.0015704631805419922,-0.03021240234375,0.0005093645304441452,0.00010020135960076004,-0.00040916317084338516,5.785911560058594,8.069215774536133,2.283304214477539
pythia_1b,247,1,-0.007742404937744141,0.047743797302246094,0.055486202239990234,0.00025438296142965555,0.0004033937584608793,0.00014901079703122377,4.89749813079834,9.465179443359375,4.567681312561035
pythia_1b,249,1,-0.03473818302154541,-0.040834784507751465,-0.006096601486206055,0.0005528456531465054,0.0005751794669777155,2.2333813831210136e-05,4.784825325012207,4.9959397315979,0.21111440658569336
pythia_1b,250,1,0.011590003967285156,0.06083822250366211,0.04924821853637695,0.00018925222684629261,0.00018826208543032408,-9.901414159685373e-07,4.475104331970215,4.589951515197754,0.11484718322753906
pythia_1b,251,1,-0.022237300872802734,0.0656423568725586,0.08787965774536133,0.0004591697361320257,0.0010124638210982084,0.0005532940849661827,5.175079345703125,11.384876251220703,6.209796905517578
pythia_1b,252,1,-0.0570063591003418,-0.008872270584106445,0.04813408851623535,0.0004157449584454298,0.000479687936604023,6.394297815859318e-05,5.493470191955566,7.917940139770508,2.4244699478149414
pythia_1b,253,1,0.030496597290039062,0.031068801879882812,0.00057220458984375,5.859712837263942e-05,5.9749349020421505e-05,1.1522206477820873e-06,5.206080436706543,4.9777631759643555,-0.2283172607421875
pythia_1b,254,1,-0.0009773969650268555,-0.0823296308517456,-0.08135223388671875,3.488443326205015e-05,0.0016788630746304989,0.0016439786413684487,4.196045398712158,7.259454250335693,3.063408851623535
pythia_1b,255,1,-0.007402300834655762,-0.0011974573135375977,0.006204843521118164,0.00044544367119669914,0.00033429457107558846,-0.00011114910012111068,4.484864711761475,4.748661041259766,0.263796329498291
pythia_1b,257,1,-0.005211353302001953,-0.00017547607421875,0.005035877227783203,0.00025533000007271767,0.00019533184240572155,-5.999815766699612e-05,5.462772846221924,5.139040946960449,-0.3237318992614746
pythia_1b,258,1,-0.048850059509277344,0.0185089111328125,0.06735897064208984,0.0012878929264843464,0.003777130041271448,0.0024892371147871017,9.434070587158203,17.48948097229004,8.055410385131836
pythia_1b,259,1,0.003030732274055481,0.0004450082778930664,-0.0025857239961624146,0.00017705242498777807,2.5305445888079703e-05,-0.00015174697909969836,6.037904739379883,7.797102451324463,1.75919771194458
pythia_1b,260,1,0.0012559890747070312,0.05466771125793457,0.05341172218322754,5.270479596219957e-05,0.0005244668573141098,0.00047176206135191023,5.464513301849365,7.526341438293457,2.061828136444092
pythia_1b,261,1,-0.06333112716674805,0.013674259185791016,0.07700538635253906,0.0007924716919660568,0.000590713694691658,-0.0002017579972743988,5.564822673797607,6.52115535736084,0.9563326835632324
pythia_1b,262,1,0.00022855959832668304,-0.0030463673174381256,-0.0032749269157648087,1.402201087330468e-05,0.0001898967457236722,0.00017587473485036753,6.954172611236572,10.088730812072754,3.1345582008361816
pythia_1b,263,1,-0.0027375221252441406,0.001173257827758789,0.00391077995300293,0.00011291587725281715,9.314494673162699e-05,-1.9770930521190166e-05,4.593861103057861,7.917489528656006,3.3236284255981445
pythia_1b,264,1,0.0016431808471679688,0.10532569885253906,0.1036825180053711,0.000709757674485445,0.0010919887572526932,0.00038223108276724815,8.6112699508667,11.785731315612793,3.1744613647460938
pythia_1b,265,1,-0.010100841522216797,-0.008115768432617188,0.0019850730895996094,0.0006454023532569408,0.0005353910382837057,-0.00011001131497323513,4.506838798522949,4.97827672958374,0.471437931060791
pythia_1b,266,1,-0.001068115234375,-0.05696547031402588,-0.05589735507965088,9.35037387534976e-05,0.0016743943560868502,0.0015808906173333526,5.0897908210754395,5.183754920959473,0.0939640998840332
pythia_1b,267,1,0.02241230010986328,0.03073883056640625,0.008326530456542969,0.000500757247209549,0.0004900647327303886,-1.0692514479160309e-05,4.951219081878662,5.730865955352783,0.7796468734741211
pythia_1b,268,1,-0.0022220611572265625,0.02076244354248047,0.02298450469970703,0.00016524610691703856,0.0006280597299337387,0.00046281362301670015,3.969954013824463,6.396352291107178,2.426398277282715
pythia_1b,270,1,-0.012665748596191406,-0.0016016960144042969,0.01106405258178711,0.00031824340112507343,0.00026448105927556753,-5.37623418495059e-05,6.892587184906006,6.481338024139404,-0.41124916076660156
pythia_1b,271,1,-0.0054555535316467285,-0.023071885108947754,-0.017616331577301025,0.0001596640795469284,0.0010221675038337708,0.0008625034242868423,7.888214588165283,8.796380043029785,0.908165454864502
pythia_1b,272,1,-0.06191420555114746,-0.06138443946838379,0.0005297660827636719,0.0008563443552702665,0.0008291061967611313,-2.7238158509135246e-05,4.192365646362305,5.267592430114746,1.0752267837524414
pythia_1b,273,1,0.012612685561180115,0.016501732170581818,0.003889046609401703,0.0007307026535272598,0.0012956419959664345,0.0005649393424391747,6.993227481842041,10.888895034790039,3.895667552947998
pythia_1b,274,1,-0.0056896209716796875,0.028255701065063477,0.033945322036743164,0.0002785904798656702,0.0005578324198722839,0.00027924194000661373,6.095099925994873,6.919768810272217,0.8246688842773438
pythia_1b,275,1,0.03623223304748535,-0.007930755615234375,-0.04416298866271973,0.0018893778324127197,0.00037026172503829,-0.0015191161073744297,3.8726768493652344,3.9194891452789307,0.04681229591369629
pythia_1b,276,1,-0.014575600624084473,-0.03583216667175293,-0.021256566047668457,0.0005718694301322103,0.0016602618852630258,0.0010883924551308155,5.31483268737793,10.680551528930664,5.365718841552734
pythia_1b,277,1,0.03361403942108154,0.018931269645690918,-0.014682769775390625,0.000532445264980197,0.0004148603184148669,-0.00011758494656533003,3.7892520427703857,4.76060152053833,0.9713494777679443
pythia_1b,278,1,0.000492095947265625,0.0006101131439208984,0.00011801719665527344,0.00011567457113415003,0.0004733327077701688,0.00035765813663601875,5.0864667892456055,12.278353691101074,7.191886901855469
pythia_1b,279,1,-0.0011539459228515625,-0.020498275756835938,-0.019344329833984375,0.0009935437701642513,0.0003803260624408722,-0.0006132177077233791,7.433683395385742,6.594976902008057,-0.8387064933776855
pythia_1b,280,1,0.00038361549377441406,-0.0015921592712402344,-0.0019757747650146484,3.6100980651099235e-05,9.87062812782824e-05,6.260530062718317e-05,4.822747707366943,6.671619892120361,1.848872184753418
pythia_1b,281,1,0.0001729726791381836,0.0016629695892333984,0.0014899969100952148,4.0072365663945675e-05,5.126773612573743e-05,1.1195370461791754e-05,5.673389434814453,5.082973003387451,-0.590416431427002
pythia_1b,283,1,-0.0015496909618377686,-0.003657817840576172,-0.0021081268787384033,0.00018661830108612776,0.00014657445717602968,-4.0043843910098076e-05,6.308483600616455,6.243577003479004,-0.06490659713745117
pythia_1b,284,1,-0.03241688013076782,-0.03305661678314209,-0.0006397366523742676,0.0010491511784493923,0.0010678546968847513,1.8703518435359e-05,4.51406717300415,5.675753593444824,1.1616864204406738
pythia_1b,285,1,-0.03921318054199219,-0.037544071674346924,0.0016691088676452637,0.0017275894060730934,0.001845166552811861,0.00011757714673876762,5.433266639709473,7.032628059387207,1.5993614196777344
pythia_1b,288,1,-0.006189227104187012,-0.00428164005279541,0.0019075870513916016,0.00040026986971497536,0.0003594399895519018,-4.082988016307354e-05,5.375650405883789,6.995644569396973,1.6199941635131836
pythia_1b,289,1,0.0007369518280029297,0.00022220611572265625,-0.0005147457122802734,7.153785554692149e-05,0.0001005033846013248,2.8965529054403305e-05,4.4942193031311035,6.0579400062561035,1.563720703125
pythia_1b,290,1,0.1798391342163086,-0.0004305839538574219,-0.18026971817016602,0.00048151309601962566,5.024421261623502e-05,-0.00043126888340339065,7.730579853057861,9.16655445098877,1.4359745979309082
pythia_1b,291,1,-0.00023015402257442474,0.00016235001385211945,0.0003925040364265442,1.1535636076587252e-05,1.3170028978493065e-05,1.6343929019058123e-06,4.982478618621826,10.560932159423828,5.578453540802002
pythia_1b,292,1,-0.03297150135040283,-0.034850478172302246,-0.001878976821899414,0.000590362586081028,0.0005922606214880943,1.8980354070663452e-06,6.749162197113037,7.371884822845459,0.6227226257324219
pythia_1b,293,1,0.0007312297821044922,-0.05515718460083008,-0.05588841438293457,8.985720342025161e-05,0.00028505828231573105,0.00019520107889547944,6.042211055755615,7.733852863311768,1.6916418075561523
pythia_1b,294,1,0.002013683319091797,0.012862920761108398,0.010849237442016602,0.00016420392785221338,0.00038706441409885883,0.00022286048624664545,5.209993839263916,7.053187370300293,1.843193531036377
pythia_1b,295,1,-0.0015511512756347656,-0.005248308181762695,-0.0036971569061279297,0.00015966303180903196,0.00019435910508036613,3.469607327133417e-05,4.971756935119629,5.243507385253906,0.27175045013427734
pythia_1b,296,1,-0.00045484863221645355,-0.002438964322209358,-0.0019841156899929047,1.5552806871710345e-05,0.0001846683444455266,0.00016911553757381625,5.943850517272949,7.88754940032959,1.9436988830566406
pythia_1b,297,1,0.0019940733909606934,-0.0047362446784973145,-0.006730318069458008,8.35378305055201e-05,0.00023853126913309097,0.00015499343862757087,5.841392993927002,7.211526870727539,1.370133876800537
pythia_1b,298,1,0.11868143081665039,0.05992889404296875,-0.05875253677368164,0.0003314849454909563,0.0003572693094611168,2.5784363970160484e-05,5.20971155166626,8.786510467529297,3.576798915863037
pythia_1b,299,1,4.5299530029296875e-05,-0.09360349178314209,-0.09364879131317139,3.603445293265395e-06,0.001428291667252779,0.0014246882219595136,4.46084451675415,8.089068412780762,3.6282238960266113
pythia_1b,300,1,-0.01820683479309082,0.001875758171081543,0.020082592964172363,0.0004062142688781023,0.00016574689652770758,-0.00024046737235039473,4.89031457901001,11.087413787841797,6.197099208831787
pythia_1b,301,1,-0.0005820542573928833,-0.0020086970180273056,-0.0014266427606344223,1.827523738029413e-05,0.00010192987974733114,8.365464236703701e-05,4.837339878082275,14.070107460021973,9.232767581939697
pythia_1b,302,1,0.0007107853889465332,-0.0016399025917053223,-0.0023506879806518555,2.8103822842240334e-05,8.931457705330104e-05,6.12107542110607e-05,5.617571830749512,8.883915901184082,3.2663440704345703
pythia_1b,305,1,0.0019207298755645752,0.021390244364738464,0.01946951448917389,0.0007884642109274864,0.0016465573571622372,0.0008580931462347507,14.737768173217773,17.828371047973633,3.0906028747558594
pythia_1b,306,1,0.0022525787353515625,-0.017473220825195312,-0.019725799560546875,0.0005790567956864834,0.0007095825858414173,0.00013052579015493393,7.568699836730957,8.43188190460205,0.8631820678710938
pythia_1b,307,1,0.006753683090209961,-0.0027704238891601562,-0.009524106979370117,0.00016941543435677886,0.00011357266339473426,-5.58427709620446e-05,3.547922134399414,4.657768249511719,1.1098461151123047
pythia_1b,308,1,-0.0020537376403808594,-0.05436301231384277,-0.052309274673461914,8.780730422586203e-05,0.000455619883723557,0.00036781257949769497,5.295593738555908,9.773308753967285,4.477715015411377
pythia_1b,309,1,0.00018659047782421112,0.0005824333056807518,0.0003958428278565407,1.3556564226746559e-05,5.976254033157602e-05,4.620597610482946e-05,10.370058059692383,16.384193420410156,6.014135360717773
pythia_1b,311,1,-0.05162930488586426,0.0009410381317138672,0.052570343017578125,0.0004636119119822979,0.0002790152793750167,-0.0001845966326072812,7.182343482971191,8.750513076782227,1.5681695938110352
pythia_1b,312,1,4.5418739318847656e-05,-0.0012574195861816406,-0.0013028383255004883,7.819195161573589e-05,7.493500015698373e-05,-3.2569514587521553e-06,5.384629726409912,5.9258270263671875,0.5411972999572754
pythia_1b,313,1,-0.006285667419433594,0.0025129318237304688,0.008798599243164062,0.00034762127324938774,0.000615897064562887,0.0002682757913134992,4.9752421379089355,10.294111251831055,5.318869113922119
pythia_1b,314,1,0.05912160873413086,0.013087034225463867,-0.04603457450866699,0.0003880411386489868,0.0012915105326101184,0.0009034693939611316,6.854045391082764,15.65482234954834,8.800776958465576
pythia_1b,315,1,-0.000579833984375,-0.0006601810455322266,-8.034706115722656e-05,7.784730405546725e-05,6.136117735877633e-05,-1.6486126696690917e-05,5.377058982849121,4.793474197387695,-0.5835847854614258
pythia_1b,316,1,-0.003803730010986328,0.001161813735961914,0.004965543746948242,0.00023605619207955897,0.0005602207966148853,0.00032416460453532636,4.8223876953125,6.97837495803833,2.15598726272583
pythia_1b,317,1,-0.006747245788574219,0.010776519775390625,0.017523765563964844,0.00017877505160868168,0.0004537074128165841,0.00027493236120790243,4.347616672515869,7.892341136932373,3.544724464416504
pythia_1b,318,1,-0.0011925697326660156,0.09392309188842773,0.09511566162109375,6.963766645640135e-05,0.0008294153958559036,0.0007597777293995023,5.492297172546387,5.512119293212891,0.019822120666503906
pythia_1b,319,1,-0.06456470489501953,-0.008616447448730469,0.05594825744628906,0.000727576669305563,0.0005754276644438505,-0.00015214900486171246,8.397335052490234,9.812090873718262,1.4147558212280273
llama3_2_3b,1,1,0.0034416913986206055,0.0037919282913208008,0.0003502368927001953,0.0003876248374581337,0.0002600084990262985,-0.00012761633843183517,9.117622375488281,8.542926788330078,-0.5746955871582031
llama3_2_3b,5,1,0.0028526782989501953,0.00048542022705078125,-0.002367258071899414,0.000106081846752204,0.0001245281018782407,1.8446255126036704e-05,7.885566711425781,7.848843574523926,-0.03672313690185547
llama3_2_3b,7,1,0.009990692138671875,0.06252908706665039,0.052538394927978516,0.00031396979466080666,0.0004542276728898287,0.00014025787822902203,5.61137056350708,9.2579345703125,3.64656400680542
llama3_2_3b,9,1,-0.05973100662231445,-0.020734786987304688,0.038996219635009766,0.00045868789311498404,0.0005294497241266072,7.076183101162314e-05,9.550445556640625,7.457953453063965,-2.09249210357666
llama3_2_3b,14,1,-0.05922269821166992,-0.06217336654663086,-0.0029506683349609375,0.00019081076607108116,0.0001392589183524251,-5.155184771865606e-05,9.827398300170898,9.20079517364502,-0.6266031265258789
llama3_2_3b,19,1,2.7352944016456604e-06,0.0002915728837251663,0.00028883758932352066,3.342560148666962e-07,1.8022081349045038e-05,1.7687825334178342e-05,7.242433547973633,9.102090835571289,1.8596572875976562
llama3_2_3b,32,1,-7.383059710264206e-06,-0.00012456619879230857,-0.00011718313908204436,7.340956926782383e-07,9.272116585634649e-06,8.53802089295641e-06,4.992519855499268,6.644114017486572,1.6515941619873047
llama3_2_3b,37,1,-0.0010536238551139832,-0.0006919726729393005,0.0003616511821746826,5.936893285252154e-05,3.7487741792574525e-05,-2.1881191059947014e-05,15.247063636779785,21.379236221313477,6.132172584533691
llama3_2_3b,40,1,0.0031830966472625732,-0.000151902437210083,-0.0033349990844726562,0.0001294710673391819,2.3843276721891016e-05,-0.00010562779061729088,10.442381858825684,9.482019424438477,-0.960362434387207
llama3_2_3b,47,1,0.0016493797302246094,0.04361391067504883,0.04196453094482422,6.131711415946484e-05,0.00040313461795449257,0.00034181750379502773,7.716170310974121,13.35820198059082,5.642031669616699
llama3_2_3b,55,1,-3.5871315049007535e-05,-4.159178934060037e-05,-5.720474291592836e-06,2.221566319349222e-06,3.2617444958304986e-06,1.0401781764812768e-06,6.7435526847839355,8.077630996704102,1.334078311920166
llama3_2_3b,56,1,0.0454481840133667,0.02679729461669922,-0.01865088939666748,0.0017384460661560297,0.0014789854176342487,-0.00025946064852178097,8.05911922454834,7.010433673858643,-1.0486855506896973
llama3_2_3b,59,1,0.0005571842193603516,0.013425692915916443,0.012868508696556091,1.8033068045042455e-05,0.0007792990654706955,0.000761265997425653,7.6512861251831055,8.482844352722168,0.8315582275390625
llama3_2_3b,72,1,-0.0007152557373046875,-0.004850864410400391,-0.004135608673095703,0.00024418224347755313,0.00040128163527697325,0.00015709939179942012,6.413607120513916,8.41830825805664,2.0047011375427246
llama3_2_3b,80,1,-6.414949893951416e-05,-0.008643656969070435,-0.00857950747013092,5.422224603535142e-06,0.0005125869647599757,0.0005071647401564405,7.370865821838379,15.015316009521484,7.6444501876831055
llama3_2_3b,81,1,0.06534385681152344,-0.011897087097167969,-0.0772409439086914,0.00015383015852421522,0.0015261350199580193,0.001372304861433804,6.063689708709717,8.005566596984863,1.9418768882751465
llama3_2_3b,82,1,-0.015789270401000977,0.029187679290771484,0.04497694969177246,0.0003576113376766443,0.0005264562787488103,0.00016884494107216597,15.874971389770508,10.922459602355957,-4.952511787414551
llama3_2_3b,88,1,0.01046764850616455,0.06123471260070801,0.05076706409454346,0.00027712417067959905,0.0013374248519539833,0.0010603006812743843,15.370735168457031,16.43903923034668,1.0683040618896484
llama3_2_3b,90,1,-0.015807390213012695,0.0017528533935546875,0.017560243606567383,0.0007599648088216782,0.00019470101688057184,-0.0005652637919411063,6.866138458251953,7.583131790161133,0.7169933319091797
llama3_2_3b,95,1,0.004529595375061035,-0.002828359603881836,-0.007357954978942871,0.0002665087522473186,0.0002821531379595399,1.5644385712221265e-05,6.736081123352051,8.27122974395752,1.5351486206054688
llama3_2_3b,106,1,-0.027913570404052734,0.004834175109863281,0.032747745513916016,0.0011574325617402792,0.0003045762423425913,-0.0008528563193976879,9.967329025268555,10.062885284423828,0.09555625915527344
llama3_2_3b,111,1,-0.0002186894416809082,0.0010257363319396973,0.0012444257736206055,1.6325415344908834e-05,4.265574170858599e-05,2.633032636367716e-05,5.335662841796875,6.372081756591797,1.0364189147949219
llama3_2_3b,113,1,-5.433708429336548e-05,0.0009113810956478119,0.0009657181799411774,7.260700840561185e-06,5.9382473409641534e-05,5.212177256908035e-05,7.742677211761475,9.657745361328125,1.9150681495666504
llama3_2_3b,125,1,-0.039421677589416504,-0.04073333740234375,-0.001311659812927246,0.0020032301545143127,0.002011748030781746,8.517876267433167e-06,6.155541896820068,6.596198558807373,0.4406566619873047
llama3_2_3b,127,1,0.054625511169433594,-0.00048351287841796875,-0.05510902404785156,0.0018336405046284199,3.910262603312731e-05,-0.0017945378785952926,6.762543678283691,7.225619792938232,0.463076114654541
llama3_2_3b,133,1,0.0007764101028442383,-0.0011388063430786133,-0.0019152164459228516,5.597079871222377e-05,7.110065780580044e-05,1.512985909357667e-05,7.300294876098633,9.014335632324219,1.714040756225586
llama3_2_3b,142,1,0.09907293319702148,0.030954360961914062,-0.06811857223510742,0.0022590234875679016,0.002932494506239891,0.0006734710186719894,6.558544158935547,7.313482761383057,0.7549386024475098
llama3_2_3b,143,1,-0.01176142692565918,0.01848912239074707,0.03025054931640625,0.0003893186803907156,0.0004827147349715233,9.339605458080769e-05,18.237701416015625,12.4940767288208,-5.743624687194824
llama3_2_3b,144,1,0.0008249282836914062,0.010724544525146484,0.009899616241455078,0.000587299931794405,0.00037736748345196247,-0.0002099324483424425,10.551541328430176,9.75390911102295,-0.7976322174072266
llama3_2_3b,153,1,-3.548339009284973e-07,-0.00017749657854437828,-0.00017714174464344978,3.2401726457464974e-07,1.1377502232789993e-05,1.1053484968215344e-05,5.771923065185547,6.673234939575195,0.9013118743896484
llama3_2_3b,158,1,0.0007786154747009277,-0.002428889274597168,-0.0032075047492980957,6.621662032557651e-05,0.0005659551825374365,0.00049973856221186,8.437049865722656,8.518991470336914,0.08194160461425781
llama3_2_3b,159,1,0.0021370425820350647,-1.4543533325195312e-05,-0.00215158611536026,0.00010286562610417604,4.9642094381852075e-06,-9.790141666599084e-05,8.122221946716309,8.352078437805176,0.2298564910888672
llama3_2_3b,161,1,0.001590728759765625,0.013944625854492188,0.012353897094726562,0.0007559519726783037,0.0024260738864541054,0.0016701219137758017,9.936052322387695,18.432201385498047,8.496149063110352
llama3_2_3b,169,1,-0.00389862060546875,0.03512859344482422,0.03902721405029297,0.0006079301238059998,0.0004911539144814014,-0.00011677620932459831,7.175422191619873,11.368303298950195,4.192881107330322
llama3_2_3b,191,1,-0.02412623167037964,-0.02414071559906006,-1.4483928680419922e-05,0.0012399567058309913,0.0012477680575102568,7.811351679265499e-06,5.916729927062988,6.113005638122559,0.1962757110595703
llama3_2_3b,203,1,0.033458590507507324,0.0013270378112792969,-0.03213155269622803,0.001453290693461895,0.00015030847862362862,-0.0013029822148382664,6.916345596313477,8.34291934967041,1.4265737533569336
llama3_2_3b,213,1,-0.017119288444519043,0.004921436309814453,0.022040724754333496,0.0012310887686908245,0.000618888414464891,-0.0006122003542259336,10.02453327178955,12.264618873596191,2.2400856018066406
llama3_2_3b,218,1,-0.00044536590576171875,-0.00011730194091796875,0.00032806396484375,2.6475463528186083e-05,7.951770385261625e-06,-1.8523693142924458e-05,6.051276683807373,9.715446472167969,3.6641697883605957
llama3_2_3b,222,1,-0.0010836124420166016,-0.0005007386207580566,0.0005828738212585449,5.660377792082727e-05,3.5200668207835406e-05,-2.1403109712991863e-05,7.1194167137146,5.922453880310059,-1.196962833404541
llama3_2_3b,223,1,0.003266453742980957,8.857250213623047e-05,-0.0031778812408447266,0.00024767033755779266,0.00014109379844740033,-0.00010657653911039233,5.609771251678467,7.400092601776123,1.7903213500976562
llama3_2_3b,226,1,0.026198387145996094,-0.028058528900146484,-0.05425691604614258,0.0004744423786178231,0.0005396474152803421,6.520503666251898e-05,8.790506362915039,12.152934074401855,3.3624277114868164
llama3_2_3b,228,1,-0.013063639402389526,-0.00887317955493927,0.004190459847450256,0.0006352609489113092,0.00045370199950411916,-0.00018155894940719008,10.366427421569824,20.753305435180664,10.38687801361084
llama3_2_3b,231,1,0.04589974880218506,-0.002377748489379883,-0.04827749729156494,0.0005128458142280579,0.0003857922274619341,-0.00012705358676612377,5.661539077758789,6.370436191558838,0.7088971138000488
llama3_2_3b,233,1,-0.0020223259925842285,4.988908767700195e-05,0.0020722150802612305,0.00012366994633339345,1.0039111657533795e-05,-0.00011363083467585966,5.061953067779541,5.5682053565979,0.5062522888183594
llama3_2_3b,236,1,0.002606809139251709,-0.0015828609466552734,-0.004189670085906982,0.0001422701170668006,0.00011919101234525442,-2.3079104721546173e-05,10.324862480163574,7.04538106918335,-3.2794814109802246
llama3_2_3b,239,1,0.0007588863372802734,-0.0012909173965454102,-0.0020498037338256836,8.160644210875034e-05,0.00010328530333936214,2.16788612306118e-05,6.829901695251465,7.33289098739624,0.5029892921447754
llama3_2_3b,241,1,0.0003451406955718994,-0.0016978159546852112,-0.0020429566502571106,3.955897409468889e-05,5.617272108793259e-05,1.6613746993243694e-05,6.882378578186035,13.096163749694824,6.213785171508789
llama3_2_3b,242,1,0.09277737140655518,-6.461143493652344e-05,-0.0928419828414917,0.0014821439981460571,7.893715519458055e-05,-0.0014032068429514766,17.33245277404785,16.98447608947754,-0.3479766845703125
llama3_2_3b,245,1,-0.026336669921875,-0.004464149475097656,0.021872520446777344,0.001035704743117094,0.00026454718317836523,-0.0007711575599387288,11.914645195007324,9.220039367675781,-2.694605827331543
llama3_2_3b,246,1,0.0027785003185272217,0.0001691877841949463,-0.0026093125343322754,8.507611346431077e-05,2.9326416552066803e-05,-5.574969691224396e-05,8.481359481811523,8.654877662658691,0.17351818084716797
llama3_2_3b,250,1,-0.0001349112717434764,-2.7384376153349876e-06,0.0001321728341281414,8.504415745846927e-06,1.2659143067139667e-08,-8.491756602779787e-06,10.602269172668457,9.145146369934082,-1.457122802734375
llama3_2_3b,251,1,-0.0006102323532104492,-0.0005457401275634766,6.449222564697266e-05,2.4539418518543243e-05,3.911071689799428e-05,1.4571298379451036e-05,7.57751989364624,8.330487251281738,0.752967357635498
llama3_2_3b,267,1,-0.0015527009963989258,0.0004121065139770508,0.0019648075103759766,0.00010894620936596766,1.3827666407451034e-05,-9.511854295851663e-05,5.596683025360107,6.520033359527588,0.9233503341674805
llama3_2_3b,276,1,0.0023658201098442078,-0.00360039621591568,-0.005966216325759888,0.00010404242493677884,0.00022657006047666073,0.00012252763553988189,8.364302635192871,12.59282112121582,4.228518486022949
llama3_2_3b,277,1,-0.002052515745162964,9.042024612426758e-05,0.0021429359912872314,6.768928142264485e-05,6.191531429067254e-05,-5.773967131972313e-06,6.900137901306152,9.188740730285645,2.288602828979492
llama3_2_3b,281,1,0.001022934913635254,0.0002073049545288086,-0.0008156299591064453,7.069925777614117e-05,0.00033048837212845683,0.00025978911435231566,7.779122352600098,9.339261054992676,1.5601387023925781
llama3_2_3b,282,1,0.0007729530334472656,-0.0057724714279174805,-0.006545424461364746,4.230206832289696e-05,0.00019324361346662045,0.0001509415451437235,9.056836128234863,7.339163780212402,-1.717672348022461
llama3_2_3b,283,1,0.03092503547668457,-0.005410432815551758,-0.03633546829223633,0.0014492599293589592,0.00033607659861445427,-0.001113183330744505,6.878078460693359,7.62060546875,0.7425270080566406
llama3_2_3b,288,1,-0.009613037109375,-0.0003827810287475586,0.009230256080627441,0.000258309009950608,6.41591614112258e-05,-0.00019414984853938222,5.897542953491211,6.8895344734191895,0.9919915199279785
llama3_2_3b,289,1,-7.109344005584717e-05,-9.983032941818237e-05,-2.8736889362335205e-05,8.023558621061966e-06,6.340836080198642e-06,-1.682722540863324e-06,8.211603164672852,8.099270820617676,-0.11233234405517578
llama3_2_3b,295,1,0.020870089530944824,-0.00033915042877197266,-0.021209239959716797,0.001052781823091209,1.702320878393948e-05,-0.0010357586143072695,6.6895952224731445,7.9708757400512695,1.281280517578125
llama3_2_3b,299,1,0.027890682220458984,-0.0020952224731445312,-0.029985904693603516,0.001336369663476944,0.00017369346460327506,-0.001162676198873669,8.142914772033691,8.0835599899292,-0.05935478210449219
llama3_2_3b,302,1,-0.0022564828395843506,-0.00023130327463150024,0.0020251795649528503,0.00013491837307810783,1.0127732821274549e-05,-0.00012479064025683329,6.491033554077148,7.446524143218994,0.9554905891418457
llama3_2_3b,306,1,-0.004136800765991211,0.004207611083984375,0.008344411849975586,0.0001839007600210607,0.0003142249770462513,0.0001303242170251906,7.657623767852783,8.463385581970215,0.8057618141174316
llama3_2_3b,308,1,7.978756912052631e-06,1.0717776603996754e-05,2.7390196919441223e-06,2.0430070435395464e-07,1.9361959857633337e-07,-1.068110577762127e-08,7.141793251037598,10.945755958557129,3.8039627075195312
llama3_2_3b,315,1,-0.09042775630950928,-0.009558796882629395,0.08086895942687988,0.0023774616420269012,0.000492617953568697,-0.0018848436884582043,7.822411060333252,12.176037788391113,4.353626728057861
llama3_2_3b,318,1,5.954061634838581e-06,3.3580232411623e-05,2.762617077678442e-05,4.466483005671762e-07,1.5467476259800605e-06,1.1000993254128844e-06,13.670866012573242,17.780609130859375,4.109743118286133
llama3_2_3b,321,1,2.3856759071350098e-05,0.00010356307029724121,7.970631122589111e-05,5.780639185104519e-07,5.817084456793964e-06,5.239020538283512e-06,5.169566631317139,8.73214054107666,3.5625739097595215
llama3_2_3b,323,1,-0.0106048583984375,-0.0011644363403320312,0.009440422058105469,0.0002731860149651766,7.95823143562302e-05,-0.00019360370060894638,8.521069526672363,8.861468315124512,0.34039878845214844
llama3_2_3b,328,1,0.013440430164337158,-0.0017513632774353027,-0.015191793441772461,0.0007403416093438864,0.00015655375318601727,-0.0005837878561578691,6.799473762512207,9.215033531188965,2.415559768676758
llama3_2_3b,336,1,0.002623319625854492,0.015775442123413086,0.013152122497558594,0.00017074806964956224,0.0003778551472350955,0.00020710707758553326,5.381480693817139,6.369830131530762,0.988349437713623
llama3_2_3b,338,1,-0.000736236572265625,0.00177001953125,0.002506256103515625,9.387201862409711e-05,0.00011529249604791403,2.142047742381692e-05,5.793774604797363,6.348795413970947,0.555020809173584
llama3_2_3b,339,1,-0.0001687556505203247,-0.003025636076927185,-0.0028568804264068604,6.465172191383317e-06,0.00019031894044019282,0.0001838537682488095,5.396120548248291,7.794442176818848,2.3983216285705566
llama3_2_3b,343,1,1.3350123481359333e-05,-9.297509677708149e-06,-2.2647633159067482e-05,1.801236066967249e-06,1.5784889910719357e-06,-2.2274707589531317e-07,38.482139587402344,65.38500213623047,26.902862548828125
llama3_2_3b,344,1,-0.0007101297378540039,0.0005904436111450195,0.0013005733489990234,5.5543609050801024e-05,5.750256241299212e-05,1.958953362191096e-06,6.698586463928223,8.34453010559082,1.6459436416625977
llama3_2_3b,352,1,-0.04858216643333435,-0.04777967929840088,0.0008024871349334717,0.0019137728959321976,0.0018369462341070175,-7.682666182518005e-05,6.719344615936279,13.633400917053223,6.914056301116943
llama3_2_3b,373,1,-0.0010930299758911133,-0.0007243156433105469,0.0003687143325805664,3.923237090930343e-05,4.679051926359534e-05,7.558148354291916e-06,8.851824760437012,7.455833435058594,-1.395991325378418
llama3_2_3b,380,1,0.012243852019309998,-0.001058720052242279,-0.013302572071552277,0.00061752088367939,7.847714005038142e-05,-0.0005390437436290085,8.787156105041504,11.042712211608887,2.255556106567383
llama3_2_3b,381,1,-0.001519664190709591,9.406358003616333e-07,0.0015206048265099525,9.500898886471987e-05,-4.5691592731600394e-08,-9.505468045745147e-05,6.695799827575684,6.3978729248046875,-0.2979269027709961
llama3_2_3b,382,1,0.01244807243347168,0.0126991868019104,0.0002511143684387207,0.0007290077046491206,0.0007296377443708479,6.300397217273712e-07,6.543624401092529,7.724104881286621,1.1804804801940918
llama3_2_3b,387,1,0.00029009580612182617,-0.0004766881465911865,-0.0007667839527130127,2.418694202788174e-05,1.848023384809494e-05,-5.706708179786801e-06,6.557170867919922,6.647371768951416,0.09020090103149414
llama3_2_3b,389,1,-0.0002460479736328125,-1.239776611328125e-05,0.00023365020751953125,1.0244282748317346e-05,1.2558710295706987e-05,2.3144275473896414e-06,5.227835178375244,6.780020713806152,1.5521855354309082
llama3_2_3b,391,1,0.007150173187255859,-0.0030808448791503906,-0.01023101806640625,0.000734502449631691,0.00012314470950514078,-0.0006113577401265502,6.8571906089782715,10.656339645385742,3.7991490364074707
llama3_2_3b,394,1,0.0007092952728271484,0.00016003847122192383,-0.0005492568016052246,5.4854011978022754e-05,6.760135875083506e-05,1.2747346772812307e-05,6.049375057220459,6.10719108581543,0.0578160285949707
llama3_2_3b,397,1,-0.0023649930953979492,0.002020508050918579,0.004385501146316528,0.000162603915669024,0.00011627038475126028,-4.633353091776371e-05,8.203187942504883,9.705744743347168,1.5025568008422852
llama3_2_3b,398,1,-0.006531715393066406,0.007640838623046875,0.014172554016113281,0.0007978458888828754,0.0005335188470780849,-0.0002643270418047905,11.437078475952148,9.418952941894531,-2.018125534057617
llama3_2_3b,401,1,-0.11585378646850586,-0.0009837150573730469,0.11487007141113281,0.0005428719450719655,6.282172398641706e-05,-0.0004800502210855484,5.876598834991455,5.709841251373291,-0.16675758361816406
llama3_2_3b,403,1,6.575882434844971e-05,-0.0005888193845748901,-0.0006545782089233398,1.0552597814239562e-05,2.0617138943634927e-05,1.0064541129395366e-05,6.373608589172363,6.41947078704834,0.04586219787597656
llama3_2_3b,405,1,0.00039064884185791016,-0.0004895925521850586,-0.0008802413940429688,1.666430034674704e-05,2.9030488803982735e-05,1.2366188457235694e-05,9.122538566589355,13.333465576171875,4.2109270095825195
llama3_2_3b,411,1,-0.08887219429016113,0.0004000663757324219,0.08927226066589355,0.001539701595902443,2.1284969989210367e-05,-0.0015184166259132326,13.751384735107422,7.825416088104248,-5.925968647003174
llama3_2_3b,414,1,-0.037418365478515625,-0.015962600708007812,0.021455764770507812,0.00020221329759806395,0.0004419921897351742,0.00023977889213711023,7.626593112945557,6.983609199523926,-0.6429839134216309
llama3_2_3b,422,1,-0.0009059906005859375,-0.13306856155395508,-0.13216257095336914,5.035173671785742e-05,0.001097697764635086,0.0010473460279172286,8.835909843444824,11.091069221496582,2.255159378051758
llama3_2_3b,426,1,-0.0008455812931060791,-0.0023656487464904785,-0.0015200674533843994,4.541390808299184e-05,8.037540828809142e-05,3.496150020509958e-05,12.082469940185547,10.862998008728027,-1.2194719314575195
llama3_2_3b,427,1,0.04546928405761719,-0.00015938282012939453,-0.04562866687774658,0.0018012132495641708,8.161492587532848e-06,-0.001793051756976638,6.948159694671631,11.17544174194336,4.2272820472717285
llama3_2_3b,428,1,0.0017225388437509537,0.00046215765178203583,-0.0012603811919689178,0.00011252379044890404,3.917531648767181e-05,-7.334847396123223e-05,9.776044845581055,9.447219848632812,-0.3288249969482422
llama3_2_3b,431,1,0.037923336029052734,0.0004941225051879883,-0.037429213523864746,0.001584185753017664,2.9253424145281315e-05,-0.0015549323288723826,7.022768974304199,8.113166809082031,1.090397834777832
llama3_2_3b,436,1,0.03486037254333496,0.05001497268676758,0.015154600143432617,0.0005119142588227987,0.00043245963752269745,-7.945462130010128e-05,5.983516216278076,7.321542263031006,1.3380260467529297
llama3_2_3b,444,1,-0.0010727792978286743,-0.0007100105285644531,0.0003627687692642212,5.433958722278476e-05,4.5399239752441645e-05,-8.940347470343113e-06,6.1687846183776855,10.090794563293457,3.9220099449157715
llama3_2_3b,445,1,-0.0029802322387695312,0.0036630630493164062,0.0066432952880859375,0.0004820185713469982,0.0002663109335117042,-0.000215707637835294,9.680511474609375,9.213553428649902,-0.46695804595947266
llama3_2_3b,446,1,0.0489727258682251,-0.0068089962005615234,-0.05578172206878662,0.0018204380758106709,0.00043762533459812403,-0.0013828127412125468,8.638104438781738,9.781896591186523,1.1437921524047852
llama3_2_3b,452,1,-0.003089398145675659,-0.00025069713592529297,0.002838701009750366,0.00022966391406953335,6.637032493017614e-05,-0.0001632935891393572,6.934091091156006,8.856809616088867,1.9227185249328613
llama3_2_3b,455,1,0.00658193975687027,0.00653274729847908,-4.9192458391189575e-05,0.0003913422115147114,0.00038183864671736956,-9.503564797341824e-06,5.245321750640869,5.788885116577148,0.5435633659362793
llama3_2_3b,458,1,2.26340489462018e-06,8.100469131022692e-06,5.837064236402512e-06,1.2896151702079806e-08,3.8614007280557416e-07,3.7324392110349436e-07,13.60315227508545,10.821194648742676,-2.7819576263427734
llama3_2_3b,462,1,-0.0004658699035644531,-0.002803325653076172,-0.0023374557495117188,9.414320811629295e-05,0.0001899974886327982,9.585428051650524e-05,5.600872993469238,8.024346351623535,2.423473358154297
llama3_2_3b,467,1,-0.12423133850097656,-0.0006961822509765625,0.12353515625,4.5052263885736465e-05,5.1758295740000904e-05,6.706031854264438e-06,10.10705852508545,9.744124412536621,-0.3629341125488281
llama3_2_3b,469,1,-0.04259878396987915,-0.04247039556503296,0.0001283884048461914,0.0017722347984090447,0.0017825756222009659,1.0340823791921139e-05,8.019363403320312,9.000615119934082,0.9812517166137695
llama3_2_3b,471,1,0.0003845393657684326,0.0003185868263244629,-6.595253944396973e-05,2.7490314096212387e-05,2.8086244128644466e-05,5.959300324320793e-07,6.879619598388672,6.106677055358887,-0.7729425430297852
llama3_2_3b,473,1,-0.0024089813232421875,0.0008625984191894531,0.0032715797424316406,0.00015149038517847657,0.0010255244560539722,0.0008740340708754957,6.683981895446777,7.704920768737793,1.0209388732910156
llama3_2_3b,479,1,0.005308628082275391,-0.024622440338134766,-0.029931068420410156,0.00036361219827085733,0.00173287745565176,0.0013692652573809028,6.40415620803833,5.962105751037598,-0.4420504570007324
llama3_2_3b,483,1,0.0006399638950824738,0.0006377110257744789,-2.2528693079948425e-06,3.889884101226926e-05,3.869103966280818e-05,-2.0780134946107864e-07,9.083096504211426,8.227670669555664,-0.8554258346557617
llama3_2_3b,485,1,-0.004299171268939972,-0.0013150796294212341,0.002984091639518738,0.00026227592024952173,8.350451389560476e-05,-0.00017877140635391697,7.765431880950928,8.491419792175293,0.7259879112243652
llama3_2_3b,501,1,-0.0512237548828125,0.03117084503173828,0.08239459991455078,0.00047718267887830734,2.7125177439302206e-05,-0.00045005750143900514,10.03482437133789,7.691975116729736,-2.3428492546081543
llama3_2_3b,502,1,-5.9604644775390625e-05,0.0037491321563720703,0.003808736801147461,9.13802650757134e-05,0.0005441857501864433,0.00045280548511072993,6.174936294555664,7.437806606292725,1.2628703117370605
llama3_2_3b,503,1,9.062886238098145e-05,-0.0004825592041015625,-0.0005731880664825439,1.9990467990282923e-05,3.790343180298805e-05,1.791296381270513e-05,4.922024726867676,6.9908905029296875,2.0688657760620117
llama3_2_3b,504,1,0.061402320861816406,0.007184505462646484,-0.05421781539916992,0.0008731577545404434,0.00040364405140280724,-0.0004695137031376362,4.684754848480225,7.167203903198242,2.4824490547180176
llama3_2_3b,509,1,0.0026970505714416504,-0.0028229355812072754,-0.005519986152648926,0.0001915106549859047,0.00023984117433428764,4.833051934838295e-05,7.486322402954102,8.622129440307617,1.1358070373535156
llama3_2_3b,514,1,0.00013186782598495483,-0.0003022700548171997,-0.00043413788080215454,8.210226951632649e-06,3.491429379209876e-05,2.6704066840466112e-05,6.690169811248779,8.875176429748535,2.185006618499756
llama3_2_3b,515,1,0.0026445388793945312,0.0013574957847595215,-0.0012870430946350098,0.00014436256606131792,0.00019228702876716852,4.79244627058506e-05,7.105216026306152,10.019841194152832,2.9146251678466797
llama3_2_3b,519,1,-0.0010344982147216797,-0.00011110305786132812,0.0009233951568603516,0.00010670075425878167,0.00011103283031843603,4.332076059654355e-06,9.648974418640137,8.441122055053711,-1.2078523635864258
llama3_2_3b,521,1,0.025560975074768066,0.0014656782150268555,-0.02409529685974121,0.001509759807959199,8.055003127083182e-05,-0.0014292097766883671,7.483500003814697,7.659775257110596,0.17627525329589844
llama3_2_3b,532,1,-8.694943971931934e-06,2.73948535323143e-06,1.1434429325163364e-05,3.9190649658848997e-07,1.3572639545600396e-07,-2.56180101132486e-07,8.492727279663086,8.101104736328125,-0.39162254333496094
llama3_2_3b,533,1,-0.003795810043811798,-0.0003215000033378601,0.003474310040473938,0.0002393091272097081,2.6511926989769563e-05,-0.00021279720021993853,10.255481719970703,8.542675971984863,-1.7128057479858398
llama3_2_3b,541,1,-0.01902151107788086,-0.006893157958984375,0.012128353118896484,0.001580638810992241,0.0002213323605246842,-0.0013593064504675567,13.030501365661621,10.67397689819336,-2.3565244674682617
llama3_2_3b,548,1,0.00012358278036117554,-0.010811597108840942,-0.010935179889202118,2.9969411116326228e-05,0.0008080918341875076,0.0007781224230711814,10.222874641418457,13.438488960266113,3.2156143188476562
llama3_2_3b,560,1,0.019121170043945312,0.018292903900146484,-0.0008282661437988281,0.0009608018444851041,0.0009597407188266516,-1.0611256584525108e-06,8.281439781188965,8.278380393981934,-0.00305938720703125
llama3_2_3b,561,1,-0.005103111267089844,0.0030145645141601562,0.00811767578125,0.00030526513000950217,0.0006857332773506641,0.00038046814734116197,6.488442897796631,8.356772422790527,1.8683295249938965
llama3_2_3b,562,1,0.08667325973510742,-0.00030803680419921875,-0.08698129653930664,0.0016895448789000511,1.922638330142945e-05,-0.0016703184955986217,6.596912384033203,6.724094867706299,0.1271824836730957
llama3_2_3b,566,1,0.0042932480573654175,0.01175643503665924,0.007463186979293823,0.00012207007966935635,0.0003669094294309616,0.00024483934976160526,11.838062286376953,28.197750091552734,16.35968780517578
llama3_2_3b,572,1,-0.00012969970703125,-0.12308263778686523,-0.12295293807983398,5.176421836949885e-06,0.0001107195857912302,0.00010554316395428032,6.846018314361572,7.757401466369629,0.9113831520080566
llama3_2_3b,573,1,-0.00028336048126220703,0.017974138259887695,0.018257498741149902,0.0004247617907822132,0.0005438248626887798,0.00011906307190656662,7.923707485198975,11.218873977661133,3.295166492462158
llama3_2_3b,575,1,-7.934763561934233e-05,-7.148191798478365e-06,7.219944382086396e-05,5.8582445490173995e-06,2.1308824216248468e-07,-5.645156306854915e-06,7.28206205368042,7.715050220489502,0.43298816680908203
llama3_2_3b,581,1,-0.004163280129432678,-0.0001993924379348755,0.003963887691497803,0.0001318205613642931,0.00010183791164308786,-2.9982649721205235e-05,10.440794944763184,10.488670349121094,0.047875404357910156
llama3_2_3b,583,1,-3.1502917408943176e-05,-4.955567419528961e-06,2.6547349989414215e-05,2.3825541575206444e-06,3.4065460567944683e-06,1.023991899273824e-06,6.410950183868408,8.658235549926758,2.2472853660583496
llama3_2_3b,584,1,-0.015616536140441895,-0.015529394149780273,8.71419906616211e-05,0.0008559839334338903,0.0008478646632283926,-8.119270205497742e-06,9.278550148010254,6.691198348999023,-2.5873517990112305
llama3_2_3b,588,1,0.0010655075311660767,0.0007984936237335205,-0.00026701390743255615,5.881307879462838e-05,5.485769361257553e-05,-3.955385182052851e-06,9.33863639831543,10.391907691955566,1.0532712936401367
llama3_2_3b,592,1,-0.00017425231635570526,0.00015619955956935883,0.0003304518759250641,6.334263161988929e-06,6.2866538428352214e-06,-4.7609319153707474e-08,8.100384712219238,7.858648300170898,-0.24173641204833984
llama3_2_3b,607,1,-7.570604793727398e-05,-1.4499062672257423e-05,6.120698526501656e-05,2.9311813705135137e-06,2.8739750632666983e-06,-5.720630724681541e-08,7.325251579284668,9.608552932739258,2.28330135345459
llama3_2_3b,608,1,0.0062133073806762695,2.123415470123291e-06,-0.006211183965206146,0.00036200799513608217,1.4460068769039935e-06,-0.0003605619882591782,5.373780727386475,7.819800853729248,2.4460201263427734
llama3_2_3b,611,1,0.06473338603973389,0.06134355068206787,-0.0033898353576660156,0.002197965979576111,0.0024661337956786156,0.00026816781610250473,13.508020401000977,15.102313995361328,1.5942935943603516
llama3_2_3b,621,1,0.00566554069519043,-0.0337672233581543,-0.03943276405334473,0.00016426783986389637,0.001302413991652429,0.0011381461517885327,8.070798873901367,19.515750885009766,11.444952011108398
llama3_2_3b,629,1,-0.0030791759490966797,0.04135787487030029,0.04443705081939697,0.00016166811110451818,0.0005928780883550644,0.0004312099772505462,8.809981346130371,9.118974685668945,0.3089933395385742
llama3_2_3b,632,1,-0.018705368041992188,0.006285667419433594,0.02499103546142578,0.0010002701310440898,0.000491185812279582,-0.0005090843187645078,3.8954689502716064,6.084944725036621,2.1894757747650146
llama3_2_3b,633,1,0.039818763732910156,0.0692758560180664,0.02945709228515625,0.0004437804454937577,0.000330587150529027,-0.00011319329496473074,13.633410453796387,21.314477920532227,7.68106746673584
llama3_2_3b,636,1,-0.0002651214599609375,-0.00018479954451322556,8.032191544771194e-05,8.346229151356965e-06,8.872106263879687e-06,5.258771125227213e-07,8.097907066345215,6.704474925994873,-1.3934321403503418
llama3_2_3b,638,1,0.00045034661889076233,0.0003513731062412262,-9.897351264953613e-05,2.829187724273652e-05,4.94111591251567e-05,2.1119281882420182e-05,10.086597442626953,11.03371810913086,0.9471206665039062
llama3_2_3b,640,1,-0.010874748229980469,-0.02075815200805664,-0.009883403778076172,0.0004237053217366338,0.00041273818351328373,-1.0967138223350048e-05,9.461522102355957,10.249605178833008,0.7880830764770508
llama3_2_3b,650,1,0.0211946964263916,0.024692296981811523,0.003497600555419922,0.0008089086040854454,0.0007388563826680183,-7.005222141742706e-05,10.138955116271973,8.48719310760498,-1.6517620086669922
llama3_2_3b,663,1,-0.0010029077529907227,0.0014797449111938477,0.0024826526641845703,7.863625069148839e-05,8.518781396560371e-05,6.551563274115324e-06,5.255392074584961,6.169882774353027,0.9144906997680664
llama3_2_3b,665,1,-0.00039386749267578125,0.004736900329589844,0.005130767822265625,7.225980516523123e-05,0.0003065462224185467,0.00023428641725331545,6.866473197937012,7.9596052169799805,1.0931320190429688
llama3_2_3b,667,1,0.0056247711181640625,0.0006535053253173828,-0.00497126579284668,0.00021124957129359245,0.00021247135009616613,1.2217788025736809e-06,9.929149627685547,8.94461441040039,-0.9845352172851562
llama3_2_3b,670,1,-0.0038552284240722656,0.000225067138671875,0.004080295562744141,0.00025451346300542355,8.574243111070246e-06,-0.0002459392198943533,6.24459981918335,7.656221389770508,1.4116215705871582
llama3_2_3b,674,1,-0.006270647048950195,-0.06608724594116211,-0.059816598892211914,0.0003876818809658289,0.0019893990829586983,0.0016017172019928694,9.615800857543945,10.562722206115723,0.9469213485717773
llama3_2_3b,675,1,-0.001165628433227539,0.00015783309936523438,0.0013234615325927734,5.091860657557845e-05,9.707247954793274e-06,-4.121135862078518e-05,5.603780746459961,9.589512825012207,3.985732078552246
llama3_2_3b,677,1,0.016516685485839844,-0.0055694580078125,-0.022086143493652344,0.0003981345798820257,0.0002621107269078493,-0.0001360238529741764,7.1002583503723145,7.6688232421875,0.5685648918151855
llama3_2_3b,682,1,0.0011886600404977798,0.0001986771821975708,-0.000989982858300209,7.609807653352618e-05,1.2289936421439052e-05,-6.380814011208713e-05,10.74091625213623,10.28543758392334,-0.4554786682128906
llama3_2_3b,683,1,-6.359070539474487e-05,0.0008819252252578735,0.0009455159306526184,4.464959602046292e-06,6.52405433356762e-05,6.07755837336299e-05,5.91206693649292,7.375792503356934,1.4637255668640137
llama3_2_3b,688,1,-0.0051136016845703125,-0.0034210681915283203,0.0016925334930419922,0.00025039201136678457,0.0002857806975953281,3.538868622854352e-05,5.400514602661133,8.683865547180176,3.283350944519043
llama3_2_3b,689,1,-0.04532361030578613,-0.001558065414428711,0.04376554489135742,0.0005571970250457525,0.00022170611191540956,-0.00033549091313034296,6.9230427742004395,7.130676746368408,0.20763397216796875
llama3_2_3b,691,1,-0.00028939545154571533,-0.0005182176828384399,-0.0002288222312927246,1.7147394828498363e-05,2.1725456463173032e-05,4.578061634674668e-06,5.097479820251465,6.984217643737793,1.8867378234863281
llama3_2_3b,693,1,-0.0937490463256836,-0.0020351409912109375,0.09171390533447266,0.0013482652138918638,9.001938451547176e-05,-0.001258245829376392,6.8581342697143555,10.46846866607666,3.6103343963623047
llama3_2_3b,696,1,-0.029671669006347656,-0.02499675750732422,0.0046749114990234375,0.00019817339489236474,0.00041520362719893456,0.00021703023230656981,4.6691789627075195,11.136882781982422,6.467703819274902
llama3_2_3b,702,1,-0.00787496566772461,-0.008910655975341797,-0.0010356903076171875,0.00023244082694873214,0.00024243025109171867,9.989424142986536e-06,7.214534759521484,10.473871231079102,3.259336471557617
llama3_2_3b,703,1,0.0040264129638671875,-0.0018482208251953125,-0.0058746337890625,0.0001748315989971161,0.00021603371715173125,4.1202118154615164e-05,6.170310020446777,7.627351760864258,1.4570417404174805
llama3_2_3b,705,1,3.2186508178710938e-06,0.0016444921493530273,0.0016412734985351562,8.88806243892759e-06,0.0001179437676910311,0.00010905570525210351,8.58630084991455,11.961915016174316,3.3756141662597656
llama3_2_3b,708,1,-0.0024535655975341797,-0.027147531509399414,-0.024693965911865234,0.00020728958770632744,0.0005263530183583498,0.00031906343065202236,8.091503143310547,8.971800804138184,0.8802976608276367
llama3_2_3b,711,1,-0.003847837448120117,-0.00592494010925293,-0.0020771026611328125,0.00021736754570156336,0.0002534622326493263,3.6094686947762966e-05,5.094831466674805,5.349931240081787,0.2550997734069824
llama3_2_3b,713,1,0.012624867260456085,0.002275623381137848,-0.010349243879318237,0.0009559784084558487,0.00013510137796401978,-0.0008208770304918289,7.014007568359375,7.575608730316162,0.5616011619567871
llama3_2_3b,717,1,-0.0014977455139160156,-0.0028486251831054688,-0.0013508796691894531,0.00014441239181905985,0.00019120873184874654,4.679634002968669e-05,5.942698001861572,5.636399269104004,-0.30629873275756836
llama3_2_3b,724,1,0.00013196468353271484,0.0027006864547729492,0.0025687217712402344,6.371102062985301e-05,0.00014928658492863178,8.557556429877877e-05,8.284568786621094,15.670219421386719,7.385650634765625
llama3_2_3b,730,1,-0.052246272563934326,0.0008984208106994629,0.05314469337463379,0.0019194860942661762,4.937328048981726e-05,-0.001870112813776359,7.530361175537109,8.823869705200195,1.293508529663086
llama3_2_3b,734,1,-0.04178905487060547,-0.05002295970916748,-0.008233904838562012,0.0006282003596425056,0.0007655676454305649,0.00013736728578805923,10.21888542175293,10.789477348327637,0.570591926574707
llama3_2_3b,736,1,0.002750992774963379,-0.025549113750457764,-0.028300106525421143,0.00019847264047712088,0.0014434512704610825,0.0012449786299839616,7.1941962242126465,5.6060686111450195,-1.588127613067627
llama3_2_3b,737,1,0.07669401168823242,0.03619098663330078,-0.04050302505493164,0.0018581710755825043,0.0016167341964319348,-0.00024143687915056944,7.571435451507568,8.764137268066406,1.192701816558838
llama3_2_3b,738,1,-0.00019402801990509033,-0.00040881335735321045,-0.00021478533744812012,9.820345439948142e-06,1.3323355233296752e-05,3.5030097933486104e-06,6.748021125793457,9.096928596496582,2.348907470703125
llama3_2_3b,756,1,0.009188055992126465,-0.006939828395843506,-0.01612788438796997,0.00026675243861973286,0.0002740592462942004,7.306807674467564e-06,5.60307502746582,6.209331035614014,0.6062560081481934
llama3_2_3b,760,1,0.0018665939569473267,-0.00022526830434799194,-0.0020918622612953186,0.000112735535367392,1.5297382560675032e-05,-9.743815280671697e-05,13.006138801574707,16.24702262878418,3.2408838272094727
llama3_2_3b,763,1,0.008224844932556152,0.009498119354248047,0.0012732744216918945,0.0002727222163230181,0.0003060379531234503,3.3315736800432205e-05,5.8044819831848145,6.760907173156738,0.9564251899719238
llama3_2_3b,765,1,0.00235748291015625,0.0035512447357177734,0.0011937618255615234,8.67366325110197e-05,0.00012805958976969123,4.132295725867152e-05,6.324787616729736,8.81436824798584,2.4895806312561035
llama3_2_3b,776,1,-4.647509194910526e-05,-0.00014715828001499176,-0.0001006831880658865,2.135551767423749e-06,9.436844266019762e-06,7.301292498596013e-06,9.317086219787598,12.309013366699219,2.991927146911621
llama3_2_3b,783,1,0.00038611888885498047,0.06958454847335815,0.06919842958450317,5.318333569448441e-05,0.0017459345981478691,0.0016927512624533847,5.837138652801514,7.262777328491211,1.4256386756896973
llama3_2_3b,784,1,0.00010013580322265625,0.0011072158813476562,0.001007080078125,2.0330160623416305e-05,4.206501762382686e-05,2.1734857000410557e-05,7.676242828369141,9.11050033569336,1.4342575073242188
llama3_2_3b,785,1,0.05725908279418945,0.0070037841796875,-0.05025529861450195,0.0008433377370238304,0.0004503547679632902,-0.0003929829690605402,9.797589302062988,8.653573989868164,-1.1440153121948242
llama3_2_3b,791,1,0.00019288063049316406,4.00543212890625e-05,-0.00015282630920410156,5.027645966038108e-05,3.429643402341753e-05,-1.5980025636963546e-05,7.992450714111328,7.521478176116943,-0.47097253799438477
llama3_2_3b,797,1,-3.0994415283203125e-05,-9.846687316894531e-05,-6.747245788574219e-05,7.587303116451949e-06,4.859379259869456e-06,-2.7279238565824926e-06,9.778897285461426,6.612558364868164,-3.1663389205932617
llama3_2_3b,804,1,0.0005972012877464294,-1.3709068298339844e-05,-0.0006109103560447693,2.5686225853860378e-05,4.276684194337577e-06,-2.14095416595228e-05,16.716291427612305,9.506097793579102,-7.210193634033203
llama3_2_3b,805,1,0.08598804473876953,0.00037360191345214844,-0.08561444282531738,0.0017436463385820389,4.767795326188207e-05,-0.0016959683853201568,8.31497859954834,6.981724262237549,-1.333254337310791
llama3_2_3b,806,1,-3.221211954951286e-05,-6.205635145306587e-05,-2.984423190355301e-05,1.4007855497766286e-06,4.035395249957219e-06,2.63460970018059e-06,6.410701751708984,7.294520378112793,0.8838186264038086
llama3_2_3b,820,1,-0.005400180816650391,-0.009270668029785156,-0.0038704872131347656,0.0003238338977098465,0.000752423657104373,0.0004285897593945265,4.550207614898682,7.2841410636901855,2.733933448791504
llama3_2_3b,825,1,0.002178329974412918,-0.00019077397882938385,-0.002369103953242302,0.00012056634295731783,7.3183837230317295e-06,-0.0001132479592342861,12.72868537902832,15.513251304626465,2.7845659255981445
llama3_2_3b,835,1,0.04872429370880127,-0.00305783748626709,-0.05178213119506836,0.0006236070767045021,0.0006715687923133373,4.796171560883522e-05,11.633686065673828,10.856510162353516,-0.7771759033203125
llama3_2_3b,840,1,0.002178564667701721,7.640570402145386e-05,-0.0021021589636802673,0.0001276151742786169,1.2132361007388681e-05,-0.00011548281327122822,7.326096534729004,12.584528923034668,5.258432388305664
llama3_2_3b,846,1,-0.003634937107563019,-0.000273359939455986,0.0033615771681070328,0.0002697466406971216,1.1843178072012961e-05,-0.00025790346262510866,5.615926265716553,6.687089443206787,1.0711631774902344
llama3_2_3b,847,1,0.008978843688964844,0.009770870208740234,0.0007920265197753906,0.0004335653502494097,0.0004468753468245268,1.3309996575117111e-05,9.619616508483887,13.071066856384277,3.4514503479003906
llama3_2_3b,850,1,-9.678304195404053e-05,0.016214966773986816,0.016311749815940857,7.675544111407362e-06,0.0008657900616526604,0.000858114517541253,6.908248424530029,9.782767295837402,2.874518871307373
llama3_2_3b,855,1,-0.008266434073448181,-0.00022383034229278564,0.008042603731155396,0.0004912314470857382,1.0906027455348521e-05,-0.00048032541963038966,5.120753288269043,7.581435680389404,2.4606823921203613
llama3_2_3b,861,1,0.01369166374206543,-0.02677440643310547,-0.0404660701751709,0.0020973701030015945,0.0010257003596052527,-0.0010716697433963418,12.763931274414062,12.6914701461792,-0.07246112823486328
llama3_2_3b,866,1,-0.0008611679077148438,0.013721942901611328,0.014583110809326172,0.00011910275497939438,0.00045159924775362015,0.00033249649277422577,6.411285877227783,7.7206292152404785,1.3093433380126953
llama3_2_3b,868,1,-0.0005335807800292969,0.001753091812133789,0.002286672592163086,2.557644620537758e-05,0.00017052411567419767,0.0001449476694688201,5.828738689422607,8.967560768127441,3.138822078704834
llama3_2_3b,871,1,0.028287649154663086,-0.000988006591796875,-0.02927565574645996,0.0005428485455922782,0.0003322538104839623,-0.00021059473510831594,14.17795181274414,7.68634557723999,-6.49160623550415
llama3_2_3b,877,1,1.4776363968849182e-05,0.0006378386169672012,0.000623062252998352,1.479120328440331e-06,4.425472434377298e-05,4.277560401533265e-05,6.252622604370117,7.68912935256958,1.436506748199463
llama3_2_3b,879,1,0.0003085136413574219,0.00489044189453125,0.004581928253173828,1.4270699466578662e-05,0.00027260533533990383,0.00025833463587332517,4.829371452331543,6.266890048980713,1.43751859664917
llama3_2_3b,880,1,-0.005555152893066406,0.011589527130126953,0.01714468002319336,0.0013887276872992516,0.00029611290665343404,-0.0010926147806458175,5.159671306610107,7.472939491271973,2.3132681846618652
llama3_2_3b,882,1,-0.05918312072753906,-0.00019073486328125,0.05899238586425781,9.715312626212835e-05,1.9144878024235368e-05,-7.800824823789299e-05,12.933706283569336,6.502590179443359,-6.431116104125977
llama3_2_3b,885,1,0.001604914665222168,0.04548943042755127,0.0438845157623291,0.0004078017082065344,0.00043727830052375793,2.947659231722355e-05,10.978628158569336,12.913330078125,1.934701919555664
llama3_2_3b,899,1,0.007068455219268799,0.0023117661476135254,-0.0047566890716552734,0.0002448251470923424,0.00015468220226466656,-9.014294482767582e-05,9.50553035736084,7.304483890533447,-2.2010464668273926
llama3_2_3b,904,1,0.11146926879882812,0.1087491512298584,-0.0027201175689697266,0.0008308200631290674,0.0009111086837947369,8.028862066566944e-05,12.82265567779541,8.247523307800293,-4.575132369995117
llama3_2_3b,908,1,0.00013671815395355225,0.0036859437823295593,0.003549225628376007,4.3088875827379525e-06,0.0002048560418188572,0.00020054715423611924,9.996210098266602,18.72247886657715,8.726268768310547
llama3_2_3b,923,1,-0.0002225935459136963,-0.00011420249938964844,0.00010839104652404785,1.1042844562325627e-05,9.443348972126842e-06,-1.599495590198785e-06,10.535004615783691,7.86530065536499,-2.669703960418701
llama3_2_3b,925,1,-0.002644360065460205,-0.00034111738204956055,0.0023032426834106445,0.0001597306691110134,1.3424109056359157e-05,-0.00014630656005465426,5.062211036682129,6.5494489669799805,1.4872379302978516
llama3_2_3b,927,1,0.00015814602375030518,0.0001840740442276001,2.5928020477294922e-05,9.533716365695e-06,1.3431905244942755e-05,3.898188879247755e-06,7.139036655426025,7.306014537811279,0.1669778823852539
llama3_2_3b,928,1,-0.0005056560039520264,-0.0010458268225193024,-0.000540170818567276,1.6825157217681408e-05,3.313542401883751e-05,1.6310266801156104e-05,10.071940422058105,10.137407302856445,0.06546688079833984
llama3_2_3b,931,1,0.001598954200744629,0.008527159690856934,0.006928205490112305,6.869056960567832e-05,0.0005423016846179962,0.0004736111150123179,7.566549301147461,7.277285099029541,-0.2892642021179199
llama3_2_3b,934,1,-0.00045371055603027344,-0.07699507474899292,-0.07654136419296265,0.00014021911192685366,0.0020262254402041435,0.0018860063282772899,6.6875081062316895,7.758813858032227,1.071305751800537
llama3_2_3b,944,1,-5.679670721292496e-06,-9.58424061536789e-06,-3.904569894075394e-06,8.683964551892132e-07,1.3336421034182422e-06,4.6524564822902903e-07,7.913815498352051,8.112149238586426,0.198333740234375
llama3_2_3b,954,1,0.02754068374633789,0.0231553316116333,-0.00438535213470459,0.0012114692945033312,0.001301492564380169,9.002326987683773e-05,8.549112319946289,9.207205772399902,0.6580934524536133
llama3_2_3b,955,1,0.0034775733947753906,0.0006456375122070312,-0.0028319358825683594,0.00018343765987083316,0.00012366780720185488,-5.9769852668978274e-05,7.969948768615723,7.4654364585876465,-0.5045123100280762
llama3_2_3b,959,1,-0.0006256215274333954,0.0064669884741306305,0.007092610001564026,2.8800219297409058e-05,0.00035633030347526073,0.0003275300841778517,14.99560546875,10.327142715454102,-4.668462753295898
llama3_2_3b,966,1,0.00645136833190918,0.0028748512268066406,-0.003576517105102539,0.00019039097242057323,0.0001232437789440155,-6.714719347655773e-05,7.786454677581787,6.71785831451416,-1.068596363067627
llama3_2_3b,975,1,0.006191253662109375,0.0623784065246582,0.05618715286254883,0.00026142605929635465,0.0004832067061215639,0.00022178064682520926,6.744081020355225,15.92634391784668,9.182262897491455
llama3_2_3b,979,1,0.00016703270375728607,2.3818574845790863e-07,-0.00016679451800882816,1.088372664526105e-05,7.343423931160942e-07,-1.0149384252144955e-05,8.022553443908691,9.17601203918457,1.153458595275879
llama3_2_3b,987,1,0.0037914514541625977,-0.0037189722061157227,-0.00751042366027832,0.00014416943304240704,0.0004005488008260727,0.00025637936778366566,7.508067607879639,7.429230213165283,-0.07883739471435547
llama3_2_3b,988,1,-8.463859558105469e-06,4.172325134277344e-06,1.2636184692382812e-05,2.266938281536568e-07,2.8423005460354034e-07,5.753622644988354e-08,7.950397491455078,6.648614883422852,-1.3017826080322266
llama3_2_3b,991,1,-6.514787673950195e-05,-0.0013898015022277832,-0.0013246536254882812,7.553104660473764e-05,7.286562322406098e-05,-2.665423380676657e-06,7.176506996154785,9.316901206970215,2.1403942108154297
llama3_2_3b,992,1,0.008507490158081055,0.01103508472442627,0.002527594566345215,0.000479293055832386,0.0006057361606508493,0.00012644310481846333,5.85118293762207,6.871641159057617,1.0204582214355469
llama3_2_3b,997,1,-0.00029378943145275116,0.00019016116857528687,0.000483950600028038,1.2162392522441223e-05,2.5382934836670756e-05,1.3220542314229533e-05,6.790173053741455,8.919008255004883,2.1288352012634277
llama3_2_3b,1005,1,-0.11138582229614258,0.0006096363067626953,0.11199545860290527,0.0007463879883289337,5.8228240959579125e-05,-0.0006881597473693546,5.334479331970215,8.417586326599121,3.0831069946289062
llama3_2_3b,1007,1,0.0025136470794677734,0.0009295940399169922,-0.0015840530395507812,9.283667895942926e-05,0.00011195387924090028,1.9117200281471014e-05,6.57668399810791,7.787291526794434,1.2106075286865234
llama3_2_3b,1009,1,-0.0426405668258667,-0.0012819170951843262,0.04135864973068237,0.0015906980261206627,9.490031516179442e-05,-0.0014957977109588683,8.01269245147705,7.996222496032715,-0.016469955444335938
llama3_2_3b,1014,1,0.03776264190673828,0.042858123779296875,0.005095481872558594,0.001364387571811676,0.00042591430246829987,-0.0009384732693433762,10.33934497833252,18.123611450195312,7.784266471862793
llama3_2_3b,1024,1,-0.00638812780380249,-0.004180252552032471,0.0022078752517700195,0.0002522494178265333,0.0003145197406411171,6.227032281458378e-05,6.4402852058410645,6.274544715881348,-0.1657404899597168
llama3_2_3b,1032,1,0.0005650520324707031,-0.0038137435913085938,-0.004378795623779297,0.0001133059777203016,0.00022963318042457104,0.00011632720270426944,5.1957902908325195,6.282067775726318,1.0862774848937988
llama3_2_3b,1033,1,-2.3829052224755287e-06,-1.1318945325911045e-05,-8.936040103435516e-06,1.6877356756594963e-07,7.583666956634261e-07,5.895931280974764e-07,9.201238632202148,19.508390426635742,10.307151794433594
llama3_2_3b,1034,1,-0.1061849594116211,0.00018215179443359375,0.10636711120605469,0.001003548502922058,1.7941027181223035e-05,-0.000985607475740835,8.882126808166504,7.652072906494141,-1.2300539016723633
llama3_2_3b,1047,1,0.0008172392845153809,0.0006061196327209473,-0.0002111196517944336,2.9352268029469997e-05,3.1857773137744516e-05,2.5055051082745194e-06,8.884357452392578,7.4735331535339355,-1.4108242988586426
llama3_2_3b,1052,1,0.0006237030029296875,-0.0005793571472167969,-0.0012030601501464844,0.0001874225854407996,0.00023653330572415143,4.911072028335184e-05,7.537735462188721,6.807214736938477,-0.7305207252502441
llama3_2_3b,1057,1,-0.0014042854309082031,-0.05894613265991211,-0.057541847229003906,0.00010256154928356409,0.0018984414637088776,0.0017958799144253135,6.820109844207764,10.535173416137695,3.7150635719299316
llama3_2_3b,1061,1,-0.0124434232711792,-0.008794844150543213,0.0036485791206359863,0.0003364095464348793,0.00029230909422039986,-4.4100452214479446e-05,7.167728900909424,7.775352478027344,0.6076235771179199
llama3_2_3b,1062,1,-3.57598764821887e-07,-5.95995516050607e-07,-2.3839675122871995e-07,-2.0262163502593467e-08,8.729611522539926e-08,1.0755827872799273e-07,8.145798683166504,14.923667907714844,6.77786922454834
llama3_2_3b,1063,1,0.00016174279153347015,7.347017526626587e-05,-8.827261626720428e-05,8.543944204575382e-06,1.0840862159966491e-05,2.296917955391109e-06,7.458241939544678,8.687673568725586,1.2294316291809082
llama3_2_3b,1067,1,2.787308767437935e-05,2.2751162759959698e-05,-5.121924914419651e-06,1.648164470680058e-06,1.6764361134846695e-06,2.8271642804611474e-08,6.217189788818359,7.167768478393555,0.9505786895751953
llama3_2_3b,1069,1,6.052665412425995e-06,3.382377326488495e-05,2.7771107852458954e-05,5.995041192363715e-07,3.2756033760961145e-06,2.676099256859743e-06,5.108226776123047,6.6496992111206055,1.5414724349975586
llama3_2_3b,1070,1,-0.0002564823953434825,-0.00025576853659003973,7.138587534427643e-07,1.6286168829537928e-05,1.599505776539445e-05,-2.9111106414347887e-07,10.519975662231445,8.599662780761719,-1.9203128814697266
llama3_2_3b,1071,1,0.008325576782226562,0.0010418891906738281,-0.007283687591552734,0.0002381713129580021,0.0001249111955985427,-0.0001132601173594594,7.279301166534424,8.661471366882324,1.3821702003479004
llama3_2_3b,1078,1,-0.1063157320022583,-0.02689981460571289,0.07941591739654541,0.002856452949345112,0.0005678122397512197,-0.002288640709593892,9.982436180114746,15.386374473571777,5.403938293457031
llama3_2_3b,1079,1,0.07185214757919312,0.015155553817749023,-0.05669659376144409,0.0019458816386759281,0.0009535877034068108,-0.0009922939352691174,7.679954528808594,8.498710632324219,0.818756103515625
llama3_2_3b,1080,1,-0.0014853477478027344,-0.02546405792236328,-0.023978710174560547,0.0025610532611608505,0.0005858386866748333,-0.0019752145744860172,52.91701126098633,18.31780242919922,-34.59920883178711
llama3_2_3b,1086,1,9.341537952423096e-05,0.00012803077697753906,3.4615397453308105e-05,1.7152269720099866e-05,4.4582600821740925e-05,2.743033110164106e-05,6.60614013671875,5.008227348327637,-1.5979127883911133
llama3_2_3b,1096,1,0.0033728480339050293,0.00022852420806884766,-0.0031443238258361816,0.0001976307830773294,0.00022962188813835382,3.199110506102443e-05,8.304180145263672,10.38359260559082,2.0794124603271484
llama3_2_3b,1098,1,0.08603501319885254,0.08630967140197754,0.000274658203125,0.0016678497195243835,0.0016587469726800919,-9.102746844291687e-06,7.931955337524414,8.710952758789062,0.7789974212646484
llama3_2_3b,1100,1,0.0006379783153533936,-0.0006227195262908936,-0.0012606978416442871,2.9255403205752373e-05,6.0987353208474815e-05,3.173195000272244e-05,12.746456146240234,14.27573299407959,1.5292768478393555
llama3_2_3b,1101,1,0.02016770839691162,0.07512998580932617,0.05496227741241455,0.0009586634114384651,0.001776205375790596,0.0008175419643521309,9.364360809326172,10.474037170410156,1.1096763610839844
llama3_2_3b,1105,1,0.010405182838439941,-0.0015851259231567383,-0.01199030876159668,0.00033012102358043194,0.0005094199441373348,0.00017929892055690289,7.013096809387207,9.742944717407227,2.7298479080200195
llama3_2_3b,1108,1,0.07063305377960205,0.07039797306060791,-0.00023508071899414062,0.0018131709657609463,0.001797618344426155,-1.5552621334791183e-05,8.106640815734863,12.130640029907227,4.023999214172363
llama3_2_3b,1115,1,0.0003647804260253906,0.024745941162109375,0.024381160736083984,1.8438186089042574e-05,0.0011800979264080524,0.0011616597403190099,6.276315212249756,13.326744079589844,7.050428867340088
llama3_2_3b,1117,1,-0.011510759592056274,0.0007981061935424805,0.012308865785598755,0.0006910855881869793,0.00013667193707078695,-0.0005544136511161923,13.869808197021484,14.315594673156738,0.4457864761352539
llama3_2_3b,1124,1,-0.00048422813415527344,0.014547586441040039,0.015031814575195312,0.00012133156997151673,0.0005245753563940525,0.0004032437864225358,5.291314601898193,6.644225597381592,1.3529109954833984
llama3_2_3b,1130,1,-6.276369094848633e-05,-0.005505748093128204,-0.005442984402179718,5.054415851191152e-06,0.0003338637761771679,0.00032880936032597674,8.771575927734375,12.595505714416504,3.823929786682129
llama3_2_3b,1132,1,-0.0021699368953704834,0.0005768537521362305,0.002746790647506714,7.034058216959238e-05,3.897651913575828e-05,-3.13640630338341e-05,8.414715766906738,13.024909019470215,4.610193252563477
mistral_7b_v0_1,0,1,-0.0005426406860351562,0.0049686431884765625,0.005511283874511719,7.951876614242792e-05,0.0004958158824592829,0.00041629711631685495,2.934136390686035,3.6217730045318604,0.6876366138458252
mistral_7b_v0_1,2,1,0.01688671112060547,0.005633354187011719,-0.01125335693359375,0.00039359787479043007,0.0002133338712155819,-0.00018026400357484818,3.1996915340423584,4.074400901794434,0.8747093677520752
mistral_7b_v0_1,4,1,-7.987022399902344e-06,-0.0006767511367797852,-0.0006687641143798828,4.366869461591705e-07,2.1301297238096595e-05,2.0864610291937424e-05,2.943950891494751,2.960383653640747,0.016432762145996094
mistral_7b_v0_1,5,1,-0.0003485679626464844,7.867813110351562e-06,0.00035643577575683594,4.011698183603585e-05,3.586639650166035e-05,-4.250585334375501e-06,3.493325710296631,3.622575044631958,0.12924933433532715
mistral_7b_v0_1,6,1,-0.05340409278869629,0.0004019737243652344,0.05380606651306152,0.00024067721096798778,1.5992525732144713e-05,-0.00022468468523584306,3.0171916484832764,2.9763307571411133,-0.040860891342163086
mistral_7b_v0_1,9,1,0.002293825149536133,0.0015828609466552734,-0.0007109642028808594,9.96264279820025e-05,7.125461706891656e-05,-2.8371810913085938e-05,4.155547142028809,3.397037982940674,-0.7585091590881348
mistral_7b_v0_1,10,1,-0.01737356185913086,-0.014358997344970703,0.0030145645141601562,0.00043297000229358673,0.0006018690764904022,0.0001688990741968155,3.4294066429138184,3.69614577293396,0.2667391300201416
mistral_7b_v0_1,11,1,0.0003352165222167969,0.0002816319465637207,-5.358457565307617e-05,1.8711652955971658e-05,2.424153353786096e-05,5.5298805818893015e-06,3.588359832763672,3.6585440635681152,0.07018423080444336
mistral_7b_v0_1,12,1,-0.005463123321533203,0.05272650718688965,0.05818963050842285,0.00017467769794166088,0.000277884304523468,0.00010320660658180714,3.474529981613159,3.292778253555298,-0.18175172805786133
mistral_7b_v0_1,13,1,0.0026732683181762695,0.004349946975708008,0.0016766786575317383,0.00036558505962602794,0.000207063858397305,-0.00015852120122872293,3.914090394973755,3.4452812671661377,-0.4688091278076172
mistral_7b_v0_1,14,1,-0.021561622619628906,-0.025160789489746094,-0.0035991668701171875,0.00041002919897437096,0.0004442324861884117,3.4203287214040756e-05,3.4590134620666504,3.9794042110443115,0.5203907489776611
mistral_7b_v0_1,15,1,-0.0013924818485975266,0.00030448660254478455,0.001696968451142311,8.308060932904482e-05,1.0361080057919025e-05,-7.27195292711258e-05,3.992206335067749,3.996046781539917,0.0038404464721679688
mistral_7b_v0_1,16,1,-0.0017813444137573242,0.040720343589782715,0.04250168800354004,8.08615586720407e-05,0.00045301951467990875,0.00037215795600786805,3.4445695877075195,3.5202765464782715,0.07570695877075195
mistral_7b_v0_1,17,1,-4.9591064453125e-05,4.00543212890625e-05,8.96453857421875e-05,3.808268957072869e-06,1.177815647679381e-06,-2.630453309393488e-06,3.874069929122925,3.579073905944824,-0.2949960231781006
mistral_7b_v0_1,18,1,-0.0008275508880615234,0.001501917839050293,0.0023294687271118164,0.00010073684097733349,9.055985719896853e-05,-1.0176983778364956e-05,3.225792646408081,3.2267465591430664,0.0009539127349853516
mistral_7b_v0_1,20,1,-0.07074832916259766,-0.04347801208496094,0.02727031707763672,0.0002698736498132348,0.00037577073089778423,0.00010589708108454943,3.308133363723755,4.244635105133057,0.9365017414093018
mistral_7b_v0_1,22,1,0.0018450021743774414,0.025824308395385742,0.0239793062210083,0.00018565583741292357,0.0005134390667080879,0.00032778322929516435,3.8975765705108643,4.0770063400268555,0.1794297695159912
mistral_7b_v0_1,24,1,0.007209062576293945,0.006827175617218018,-0.00038188695907592773,0.00021646730601787567,0.00021579163148999214,-6.756745278835297e-07,3.547667980194092,3.496190071105957,-0.051477909088134766
mistral_7b_v0_1,25,1,-0.002585887908935547,-0.0033016204833984375,-0.0007157325744628906,0.00015572394477203488,0.00015937641728669405,3.6524725146591663e-06,2.9997446537017822,3.227656126022339,0.22791147232055664
mistral_7b_v0_1,26,1,-0.004353880882263184,0.0027336478233337402,0.007087528705596924,0.0004515466280281544,0.0003918565344065428,-5.9690093621611595e-05,4.625190258026123,4.42625093460083,-0.19893932342529297
mistral_7b_v0_1,28,1,0.023451805114746094,0.02776813507080078,0.0043163299560546875,0.0005629730876535177,0.0005041689146310091,-5.880417302250862e-05,2.8839402198791504,3.154892683029175,0.2709524631500244
mistral_7b_v0_1,29,1,0.018013954162597656,0.0011816024780273438,-0.016832351684570312,5.1518320105969906e-05,2.3462969693355262e-05,-2.8055350412614644e-05,3.603611469268799,2.9940261840820312,-0.6095852851867676
mistral_7b_v0_1,30,1,-0.06035327911376953,0.01585102081298828,0.07620429992675781,0.0003999320324510336,0.000491713173687458,9.178114123642445e-05,4.942924976348877,4.2887983322143555,-0.6541266441345215
mistral_7b_v0_1,31,1,0.0064580440521240234,0.04408061504364014,0.03762257099151611,0.00023684697225689888,0.0004508059937506914,0.00021395902149379253,3.4772231578826904,3.7439911365509033,0.2667679786682129
mistral_7b_v0_1,32,1,0.02110433578491211,0.004659175872802734,-0.016445159912109375,0.0004425900988280773,0.00023494474589824677,-0.00020764535292983055,3.630781412124634,3.585617780685425,-0.045163631439208984
mistral_7b_v0_1,36,1,-0.007050812244415283,-0.00016540288925170898,0.006885409355163574,0.00020767748355865479,2.526662137825042e-05,-0.00018241086218040437,3.3198866844177246,3.276993751525879,-0.0428929328918457
mistral_7b_v0_1,37,1,2.6314519345760345e-05,-7.025315426290035e-06,-3.333983477205038e-05,1.839554897742346e-06,4.768929215970275e-07,-1.3626619761453185e-06,4.267141342163086,4.389718532562256,0.12257719039916992
mistral_7b_v0_1,38,1,-0.04601907730102539,-0.037325382232666016,0.008693695068359375,0.0008224276825785637,0.00046159932389855385,-0.00036082835868000984,3.2671525478363037,3.3398325443267822,0.07267999649047852
mistral_7b_v0_1,39,1,-0.02098548412322998,-5.602836608886719e-06,0.020979881286621094,0.00044521730160340667,2.0870589651167393e-05,-0.0004243467119522393,3.256094217300415,3.0099451541900635,-0.24614906311035156
mistral_7b_v0_1,40,1,-0.0008177757263183594,-0.019884347915649414,-0.019066572189331055,2.9669958166778088e-05,0.00042740500066429377,0.0003977350424975157,3.967949628829956,3.488844156265259,-0.47910547256469727
mistral_7b_v0_1,41,1,-0.0018873214721679688,-0.0025101900100708008,-0.000622868537902832,0.00032313051633536816,0.0003737756051123142,5.064508877694607e-05,4.241832733154297,4.7407612800598145,0.4989285469055176
mistral_7b_v0_1,42,1,-0.0018364191055297852,0.0016902685165405273,0.0035266876220703125,0.00012761761900037527,7.797320722602308e-05,-4.964441177435219e-05,3.6385908126831055,3.471848249435425,-0.16674256324768066
mistral_7b_v0_1,45,1,-8.385628461837769e-05,-8.6173415184021e-05,-2.3171305656433105e-06,2.5481494958512485e-06,2.534921804908663e-06,-1.3227690942585468e-08,2.762742280960083,2.592423439025879,-0.1703188419342041
mistral_7b_v0_1,49,1,1.6549602150917053e-05,2.571730874478817e-05,9.167706593871117e-06,1.1905699466296937e-06,1.3892411061533494e-06,1.9867115952365566e-07,4.102023601531982,4.340187072753906,0.23816347122192383
mistral_7b_v0_1,50,1,-0.051410675048828125,-0.04816150665283203,0.0032491683959960938,0.0005202973261475563,0.0004249182529747486,-9.53790731728077e-05,3.805739402770996,3.8504910469055176,0.044751644134521484
mistral_7b_v0_1,53,1,-2.5544315576553345e-05,-2.1230429410934448e-05,4.3138861656188965e-06,2.329929884581361e-06,4.202994205115829e-06,1.8730643205344677e-06,3.8561766147613525,3.6699142456054688,-0.1862623691558838
mistral_7b_v0_1,54,1,0.000140409916639328,-0.00013193488121032715,-0.00027234479784965515,1.066738332156092e-05,8.570270438212901e-06,-2.097112883348018e-06,3.6639769077301025,4.034928798675537,0.37095189094543457
mistral_7b_v0_1,58,1,-0.0025000572204589844,-0.003554821014404297,-0.0010547637939453125,6.252212915569544e-05,8.017383515834808e-05,1.7651706002652645e-05,3.2950081825256348,3.7478489875793457,0.45284080505371094
mistral_7b_v0_1,59,1,0.00027439743280410767,0.0010156654752790928,0.0007412680424749851,8.322225767187774e-06,8.592737140133977e-05,7.7605145634152e-05,4.035106658935547,4.3180718421936035,0.28296518325805664
mistral_7b_v0_1,60,1,0.011971503496170044,-0.00010210275650024414,-0.012073606252670288,0.00031175464391708374,5.626026540994644e-05,-0.0002554943785071373,3.7212014198303223,3.3233554363250732,-0.397845983505249
mistral_7b_v0_1,61,1,-0.007285714149475098,-0.005816340446472168,0.0014693737030029297,0.0001909721177071333,0.00018322974210605025,-7.74237560108304e-06,3.223475933074951,3.2173945903778076,-0.006081342697143555
mistral_7b_v0_1,62,1,0.06131601333618164,0.06251358985900879,0.0011975765228271484,0.0005909041501581669,0.0005853273905813694,-5.576759576797485e-06,4.162083625793457,3.818101644515991,-0.3439819812774658
mistral_7b_v0_1,63,1,-0.012863636016845703,-0.010860681533813477,0.0020029544830322266,0.00032186461612582207,0.00040684686973690987,8.49822536110878e-05,4.348609924316406,3.6483700275421143,-0.700239896774292
mistral_7b_v0_1,64,1,-8.212286047637463e-06,-5.4747797548770905e-06,2.737506292760372e-06,5.292672540235799e-07,7.597529929626035e-07,2.3048573893902358e-07,4.234541416168213,4.780795574188232,0.5462541580200195
mistral_7b_v0_1,66,1,0.009091019630432129,0.009005174040794373,-8.584558963775635e-05,0.00024275295436382294,0.00024041952565312386,-2.3334287106990814e-06,3.5566091537475586,3.5422375202178955,-0.014371633529663086
mistral_7b_v0_1,68,1,0.00011667050421237946,0.0001455117017030716,2.884119749069214e-05,6.86078647049726e-06,4.893139703199267e-06,-1.9676467672979925e-06,3.5152158737182617,3.1284432411193848,-0.38677263259887695
mistral_7b_v0_1,69,1,-0.0005779266357421875,-0.000263214111328125,0.0003147125244140625,1.0831980034708977e-05,9.262585081160069e-06,-1.5693949535489082e-06,2.805833578109741,2.695323944091797,-0.11050963401794434
mistral_7b_v0_1,70,1,-0.00019611604511737823,0.0034562349319458008,0.003652350977063179,9.239882274414413e-06,0.00019830040400847793,0.00018906052173406351,3.9283809661865234,3.94443941116333,0.01605844497680664
mistral_7b_v0_1,71,1,-0.006959438323974609,0.020982742309570312,0.027942180633544922,0.00027190055698156357,0.0003294972702860832,5.759671330451965e-05,4.395944118499756,3.620473861694336,-0.7754702568054199
mistral_7b_v0_1,72,1,-0.0002961158752441406,0.014269351959228516,0.014565467834472656,7.83043506089598e-05,0.0004092165036126971,0.00033091215300373733,3.088225841522217,2.8528406620025635,-0.23538517951965332
mistral_7b_v0_1,73,1,0.0046615637838840485,2.5179237127304077e-05,-0.004636384546756744,0.0002765940153039992,1.9804547264357097e-06,-0.0002746135605775635,5.088438987731934,5.130725860595703,0.04228687286376953
mistral_7b_v0_1,74,1,0.009296178817749023,0.011633634567260742,0.0023374557495117188,0.0002794440370053053,0.0003703510155901313,9.090697858482599e-05,3.6361138820648193,3.757397174835205,0.12128329277038574
mistral_7b_v0_1,75,1,-0.0063351839780807495,0.0002759993076324463,0.006611183285713196,0.00018147280206903815,1.4787045074626803e-05,-0.00016668575699441135,4.2742156982421875,4.277647018432617,0.0034313201904296875
mistral_7b_v0_1,76,1,-1.4819204807281494e-05,-0.00016204267740249634,-0.00014722347259521484,4.627365342457779e-06,5.691981641575694e-06,1.0646162991179153e-06,4.640665054321289,4.25544548034668,-0.3852195739746094
mistral_7b_v0_1,78,1,0.001268625259399414,-0.005473136901855469,-0.006741762161254883,4.4658343540504575e-05,0.00016383884940296412,0.00011918050586245954,3.245264768600464,3.220862627029419,-0.024402141571044922
mistral_7b_v0_1,80,1,0.04538285732269287,0.04399096965789795,-0.0013918876647949219,0.0006526121869683266,0.0006416193209588528,-1.09928660094738e-05,3.427180767059326,3.6750736236572266,0.2478928565979004
mistral_7b_v0_1,81,1,-0.0008854866027832031,0.006864070892333984,0.0077495574951171875,4.6345347072929144e-05,0.0002485578879714012,0.00020221254089847207,3.2808096408843994,3.490706205368042,0.20989656448364258
mistral_7b_v0_1,82,1,0.010378599166870117,0.0007404088973999023,-0.009638190269470215,0.00036292060394771397,0.00012001217692159116,-0.0002429084270261228,3.679891347885132,3.230060338973999,-0.4498310089111328
mistral_7b_v0_1,85,1,0.00028944388031959534,0.005116742104291916,0.0048272982239723206,9.153358405455947e-06,0.00030375318601727486,0.0002945998276118189,3.2332265377044678,3.6483230590820312,0.4150965213775635
mistral_7b_v0_1,86,1,0.034069061279296875,0.029436111450195312,-0.0046329498291015625,0.0005210461094975471,8.647743379697204e-05,-0.0004345686757005751,4.312552452087402,3.4821245670318604,-0.830427885055542
mistral_7b_v0_1,88,1,-0.0073642730712890625,-0.008936882019042969,-0.0015726089477539062,0.000209086574614048,0.00023915665224194527,3.0070077627897263e-05,3.2665441036224365,3.567304849624634,0.30076074600219727
mistral_7b_v0_1,89,1,-0.00010585784912109375,-0.0008256435394287109,-0.0007197856903076172,4.375280695967376e-06,2.6420137146487832e-05,2.2044856450520456e-05,3.317650079727173,3.3466989994049072,0.029048919677734375
mistral_7b_v0_1,90,1,-0.059149742126464844,-0.032993316650390625,0.02615642547607422,0.00017363645019941032,0.00025736913084983826,8.373268065042794e-05,5.121553421020508,5.264856338500977,0.14330291748046875
mistral_7b_v0_1,92,1,-0.0014418363571166992,0.0035205185413360596,0.004962354898452759,3.3627700759097934e-05,0.00014588236808776855,0.00011225466732867062,3.735788345336914,3.8428845405578613,0.10709619522094727
mistral_7b_v0_1,93,1,-1.4171004295349121e-05,2.7433037757873535e-05,4.1604042053222656e-05,1.4111756172496825e-06,5.953334039077163e-07,-8.158422133419663e-07,2.7424771785736084,3.153043270111084,0.4105660915374756
mistral_7b_v0_1,94,1,-0.0008351989090442657,-5.589798092842102e-05,0.0007793009281158447,8.759586489759386e-05,1.7440179362893105e-06,-8.585184696130455e-05,4.450610160827637,3.405316114425659,-1.0452940464019775
mistral_7b_v0_1,95,1,-0.06203007698059082,-0.05918002128601074,0.002850055694580078,0.00018109125085175037,0.00013607623986899853,-4.5015010982751846e-05,3.4693214893341064,3.7377963066101074,0.268474817276001
mistral_7b_v0_1,96,1,-4.7124922275543213e-07,-2.4969689548015594e-05,-2.4498440325260162e-05,3.1130929301070864e-07,1.1976592304563383e-06,8.863499374456296e-07,3.482182264328003,3.252443790435791,-0.22973847389221191
mistral_7b_v0_1,99,1,-0.0002334117889404297,0.024601221084594727,0.024834632873535156,6.062657485017553e-05,0.0004650290939025581,0.00040440251905238256,3.3013038635253906,3.438472270965576,0.13716840744018555
mistral_7b_v0_1,100,1,0.0001766728237271309,-0.00017186440527439117,-0.00034853722900152206,1.2036740372423083e-05,5.55123551748693e-06,-6.485504854936153e-06,3.1317546367645264,3.2643795013427734,0.13262486457824707
mistral_7b_v0_1,101,1,0.0005074143409729004,-0.0008566975593566895,-0.0013641119003295898,4.5708373363595456e-05,3.961799666285515e-05,-6.0903767007403076e-06,3.732234477996826,3.936066150665283,0.20383167266845703
mistral_7b_v0_1,103,1,-0.012292742729187012,-0.012381792068481445,-8.90493392944336e-05,0.00037987763062119484,0.00038983020931482315,9.952578693628311e-06,3.3885371685028076,3.551774740219116,0.1632375717163086
mistral_7b_v0_1,104,1,-0.00027854740619659424,0.00010795891284942627,0.0003865063190460205,1.5846802853047848e-05,1.1172785889357328e-05,-4.674016963690519e-06,3.6974024772644043,3.972647190093994,0.27524471282958984
mistral_7b_v0_1,105,1,-0.0006387829780578613,0.0027710795402526855,0.003409862518310547,1.9494269508868456e-05,0.00013443175703287125,0.00011493748752400279,3.6040735244750977,3.1561501026153564,-0.4479234218597412
mistral_7b_v0_1,107,1,-0.005175232887268066,-0.0013672113418579102,0.0038080215454101562,0.0001573720946907997,6.034719990566373e-05,-9.702489478513598e-05,2.8620996475219727,3.0232927799224854,0.1611931324005127
mistral_7b_v0_1,108,1,-0.00023227185010910034,-0.00030585378408432007,-7.358193397521973e-05,2.0210121874697506e-05,1.8714243196882308e-05,-1.495878677815199e-06,3.6116538047790527,3.3360047340393066,-0.2756490707397461
mistral_7b_v0_1,109,1,-0.01901102066040039,-0.011584758758544922,0.007426261901855469,0.0003793955547735095,0.00028324389131739736,-9.615166345611215e-05,3.84182071685791,4.461038112640381,0.6192173957824707
mistral_7b_v0_1,110,1,-0.00020265579223632812,0.0025272369384765625,0.0027298927307128906,9.351043263450265e-05,0.00014624209143221378,5.2731658797711134e-05,3.4577364921569824,3.3636016845703125,-0.09413480758666992
mistral_7b_v0_1,111,1,-0.015452384948730469,7.390975952148438e-05,0.015526294708251953,0.0005634257104247808,5.313831570674665e-05,-0.0005102873947180342,3.3511617183685303,3.325735569000244,-0.025426149368286133
mistral_7b_v0_1,112,1,0.0010226070880889893,0.0020805299282073975,0.0010579228401184082,3.123318310827017e-05,6.225286051630974e-05,3.101967740803957e-05,3.266145706176758,3.3336875438690186,0.06754183769226074
mistral_7b_v0_1,113,1,0.0027446746826171875,0.0014781951904296875,-0.0012664794921875,9.598545148037374e-05,0.00010159279918298125,5.6073477026075125e-06,2.928565263748169,2.9767978191375732,0.0482325553894043
mistral_7b_v0_1,115,1,7.847324013710022e-05,0.00035019125789403915,0.00027171801775693893,3.188713890267536e-06,1.5295405319193378e-05,1.2106691428925842e-05,3.5293939113616943,4.56353759765625,1.0341436862945557
mistral_7b_v0_1,118,1,0.002179950475692749,-0.0009717345237731934,-0.0031516849994659424,0.00013789429794996977,6.090186070650816e-05,-7.699243724346161e-05,3.6638762950897217,3.3296403884887695,-0.33423590660095215
mistral_7b_v0_1,119,1,-0.05727672576904297,-0.05943465232849121,-0.002157926559448242,0.00019398695440031588,0.00027843809220939875,8.445113780908287e-05,3.1942813396453857,3.195751667022705,0.001470327377319336
mistral_7b_v0_1,120,1,-0.00011849403381347656,0.0032873153686523438,0.0034058094024658203,4.252418875694275e-06,0.00010428170207887888,0.0001000292832031846,5.172523498535156,5.461794376373291,0.28927087783813477
mistral_7b_v0_1,122,1,-0.0008082389831542969,-0.0022764205932617188,-0.0014681816101074219,0.00011388701386749744,0.0001253417576663196,1.1454743798822165e-05,3.619619846343994,3.873530149459839,0.2539103031158447
mistral_7b_v0_1,123,1,-0.0028191208839416504,-0.0012740492820739746,0.0015450716018676758,0.0001201271079480648,0.0001116086496040225,-8.518458344042301e-06,3.5554983615875244,3.6915223598480225,0.13602399826049805
mistral_7b_v0_1,124,1,0.0016647577285766602,-0.002158224582672119,-0.0038229823112487793,0.00013291678624227643,0.0001553898910060525,2.2473104763776064e-05,4.0264573097229,4.1959404945373535,0.16948318481445312
mistral_7b_v0_1,125,1,-1.8792226910591125e-05,-1.189298927783966e-06,1.760292798280716e-05,9.680139783085906e-07,-2.6503016670176294e-08,-9.945169949787669e-07,3.6061744689941406,3.5399723052978516,-0.06620216369628906
mistral_7b_v0_1,126,1,7.012113928794861e-05,0.0010072290897369385,0.0009371079504489899,1.4515335351461545e-05,3.0006805900484324e-05,1.549147054902278e-05,2.834725856781006,3.8975579738616943,1.0628321170806885
mistral_7b_v0_1,127,1,-0.021768629550933838,-0.004769325256347656,0.01699930429458618,0.0005124770104885101,0.00020522938575595617,-0.00030724762473255396,5.056509971618652,5.029548168182373,-0.026961803436279297
mistral_7b_v0_1,130,1,0.002522081136703491,0.00011035799980163574,-0.0024117231369018555,7.377425208687782e-05,3.294646376161836e-06,-7.047960571071599e-05,3.7551071643829346,3.0750539302825928,-0.6800532341003418
mistral_7b_v0_1,131,1,0.005996048450469971,0.0025859475135803223,-0.0034101009368896484,0.00022194885241333395,0.00013919334742240608,-8.275550499092788e-05,4.227547645568848,4.022790431976318,-0.2047572135925293
mistral_7b_v0_1,132,1,-0.006628513336181641,-0.0004489421844482422,0.0061795711517333984,0.0001992934849113226,3.3434072975069284e-05,-0.0001658594119362533,3.171205997467041,3.2977161407470703,0.1265101432800293
mistral_7b_v0_1,134,1,0.00048020482063293457,-0.008884429931640625,-0.00936463475227356,3.640766954049468e-05,0.0002721794880926609,0.00023577181855216622,3.3406448364257812,4.359495639801025,1.0188508033752441
mistral_7b_v0_1,136,1,-0.00030324794352054596,-0.00034055113792419434,-3.7303194403648376e-05,1.8891470972448587e-05,2.4257315089926124e-05,5.365844117477536e-06,3.706923723220825,3.9928176403045654,0.28589391708374023
mistral_7b_v0_1,137,1,0.0005667861551046371,-0.0006643682718276978,-0.001231154426932335,1.738249557092786e-05,2.137416959158145e-05,3.9916740206535906e-06,3.6525847911834717,3.6517746448516846,-0.0008101463317871094
mistral_7b_v0_1,138,1,0.0001819133758544922,-2.9325485229492188e-05,-0.00021123886108398438,8.160765901266132e-06,6.456498340412509e-06,-1.7042675608536229e-06,3.65226674079895,4.1847968101501465,0.5325300693511963
mistral_7b_v0_1,140,1,0.03060173988342285,0.025309503078460693,-0.005292236804962158,0.0005729058757424355,0.0005615763366222382,-1.1329539120197296e-05,3.691628932952881,3.134047269821167,-0.5575816631317139
mistral_7b_v0_1,141,1,0.029000282287597656,0.05191540718078613,0.022915124893188477,0.00047880876809358597,0.00030650082044303417,-0.0001723079476505518,3.130434989929199,3.681480884552002,0.5510458946228027
mistral_7b_v0_1,143,1,0.0014061927795410156,-0.0005397796630859375,-0.0019459724426269531,9.889045031741261e-05,4.1503371903672814e-05,-5.73870784137398e-05,3.774773359298706,3.3315176963806152,-0.4432556629180908
mistral_7b_v0_1,145,1,-0.015237241983413696,0.0017796456813812256,0.017016887664794922,0.0006351862102746964,0.000330749258864671,-0.00030443695141002536,3.2170538902282715,3.888399600982666,0.6713457107543945
mistral_7b_v0_1,147,1,0.007839903235435486,1.774728298187256e-05,-0.007822155952453613,0.00022270181216299534,2.2362059098668396e-05,-0.00020033975306432694,3.5010952949523926,4.245161533355713,0.7440662384033203
mistral_7b_v0_1,149,1,-3.589596599340439e-05,0.00011968519538640976,0.00015558116137981415,4.057334990648087e-06,9.702605893835425e-06,5.645270903187338e-06,3.600416421890259,4.324324607849121,0.7239081859588623
mistral_7b_v0_1,151,1,-0.00017523765563964844,0.006022751331329346,0.006197988986968994,3.6710116546601057e-06,0.0001826663501560688,0.0001789953385014087,2.8075616359710693,3.3606977462768555,0.5531361103057861
mistral_7b_v0_1,152,1,-2.7365749701857567e-06,-7.257913239300251e-06,-4.521338269114494e-06,4.735279617307242e-07,5.13629856868647e-07,4.010189513792284e-08,3.622396230697632,4.095434188842773,0.4730379581451416
mistral_7b_v0_1,153,1,-0.0010472331196069717,-0.0010539740324020386,-6.7409127950668335e-06,6.623285298701376e-05,6.692953320452943e-05,6.966802175156772e-07,4.849128246307373,5.318827152252197,0.4696989059448242
mistral_7b_v0_1,154,1,0.007710456848144531,-0.00220489501953125,-0.009915351867675781,0.0002610591473057866,0.00013435933215077966,-0.00012669981515500695,3.772465229034424,3.2058732509613037,-0.5665919780731201
mistral_7b_v0_1,155,1,-0.001645803451538086,0.0601344108581543,0.06178021430969238,0.00017477874644100666,0.00023443950340151787,5.966075696051121e-05,3.6662023067474365,3.58304762840271,-0.08315467834472656
mistral_7b_v0_1,156,1,-9.612645953893661e-06,-0.0005395226180553436,-0.00052990997210145,8.089095899777021e-07,3.567472595022991e-05,3.486581636025221e-05,3.2267982959747314,2.818011999130249,-0.4087862968444824
mistral_7b_v0_1,157,1,-0.0011951327323913574,-0.006970584392547607,-0.00577545166015625,4.074274329468608e-05,0.00019708886975422502,0.00015634612645953894,3.514664649963379,3.295253038406372,-0.21941161155700684
mistral_7b_v0_1,158,1,-4.184246063232422e-05,0.0024929046630859375,0.0025347471237182617,2.275657607242465e-05,8.779251947999e-05,6.503594340756536e-05,3.083216667175293,3.3361477851867676,0.2529311180114746
mistral_7b_v0_1,159,1,-0.0244293212890625,-0.029297828674316406,-0.004868507385253906,0.00024996831780299544,0.00024590830435045063,-4.060013452544808e-06,3.6806468963623047,3.2959091663360596,-0.3847377300262451
mistral_7b_v0_1,160,1,-0.0014957338571548462,-0.0014910828322172165,4.6510249376297e-06,4.643795546144247e-05,4.605355206876993e-05,-3.8440339267253876e-07,4.169754505157471,3.9028797149658203,-0.2668747901916504
mistral_7b_v0_1,161,1,-0.0033068954944610596,-0.0036175549030303955,-0.00031065940856933594,0.00012489379150792956,0.000163248652825132,3.835486131720245e-05,3.692566394805908,3.5360183715820312,-0.15654802322387695
mistral_7b_v0_1,164,1,-0.05092501640319824,0.007692098617553711,0.05861711502075195,0.0002964986488223076,0.00020951870828866959,-8.6979940533638e-05,4.048126220703125,3.556304454803467,-0.4918217658996582
mistral_7b_v0_1,166,1,-0.0004699826240539551,-0.004696935415267944,-0.004226952791213989,2.919271355494857e-05,0.00017157499678432941,0.00014238228322938085,5.068995475769043,4.67589807510376,-0.3930974006652832
mistral_7b_v0_1,167,1,0.039498209953308105,0.00023245811462402344,-0.03926575183868408,0.0006311861798167229,0.00012109032832086086,-0.000510095851495862,4.245756149291992,4.0555949211120605,-0.19016122817993164
mistral_7b_v0_1,168,1,-0.013742506504058838,-0.014445662498474121,-0.0007031559944152832,0.0003936476132366806,0.000413503817981109,1.9856204744428396e-05,5.857541561126709,6.7374982833862305,0.8799567222595215
mistral_7b_v0_1,171,1,0.0012005865573883057,0.0001249276101589203,-0.0010756589472293854,3.894545807270333e-05,4.615896614268422e-06,-3.432956145843491e-05,3.45271372795105,3.491276979446411,0.03856325149536133
mistral_7b_v0_1,172,1,-0.0012339800596237183,-0.0009782612323760986,0.00025571882724761963,5.061522824689746e-05,3.9964448660612106e-05,-1.0650779586285353e-05,3.648988962173462,3.6400158405303955,-0.008973121643066406
mistral_7b_v0_1,174,1,-0.009240388870239258,-0.007328987121582031,0.0019114017486572266,0.00025223917327821255,0.0002186258789151907,-3.361329436302185e-05,2.912808418273926,2.873419761657715,-0.03938865661621094
mistral_7b_v0_1,175,1,0.004645824432373047,0.0008587837219238281,-0.0037870407104492188,0.00021246541291475296,0.0002224734053015709,1.0007992386817932e-05,3.397763729095459,3.6674084663391113,0.26964473724365234
mistral_7b_v0_1,177,1,-0.0006747245788574219,-0.004035234451293945,-0.0033605098724365234,9.723537368699908e-05,0.0003168783150613308,0.0002196429413743317,3.1395483016967773,3.236365556716919,0.0968172550201416
mistral_7b_v0_1,178,1,-0.04489895701408386,-1.8388032913208008e-05,0.044880568981170654,0.0018334724009037018,1.1092463410022901e-06,-0.0018323631545626995,2.9297139644622803,3.076551914215088,0.14683794975280762
mistral_7b_v0_1,179,1,-0.0071051716804504395,0.0007331669330596924,0.007838338613510132,0.00023523718118667603,3.290570748504251e-05,-0.0002023314737016335,4.03504753112793,3.4208920001983643,-0.6141555309295654
mistral_7b_v0_1,181,1,-0.0004070904105901718,0.002662084996700287,0.0030691754072904587,1.3764627510681748e-05,0.00015187030658125877,0.00013810567907057703,3.476698875427246,3.635768175125122,0.15906929969787598
mistral_7b_v0_1,182,1,0.0003198320046067238,7.110647857189178e-07,-0.00031912093982100487,9.817653335630894e-06,2.2100141450209776e-07,-9.596651921128796e-06,3.3379764556884766,3.073059558868408,-0.26491689682006836
mistral_7b_v0_1,183,1,-0.05654478073120117,-0.06251955032348633,-0.005974769592285156,0.0005415603518486023,0.0004081358201801777,-0.0001334245316684246,3.3344063758850098,3.73002552986145,0.39561915397644043
mistral_7b_v0_1,184,1,0.07761859893798828,0.07581734657287598,-0.0018012523651123047,0.0018473094096407294,0.0018173452699556947,-2.9964139685034752e-05,2.538111686706543,3.2813291549682617,0.7432174682617188
mistral_7b_v0_1,185,1,4.51505184173584e-06,-1.5698373317718506e-05,-2.0213425159454346e-05,1.9287635950604454e-06,1.7486763681517914e-06,-1.8008722690865397e-07,3.3480820655822754,2.753018617630005,-0.5950634479522705
mistral_7b_v0_1,186,1,-0.002578049898147583,-0.01566275954246521,-0.013084709644317627,7.389741949737072e-05,0.00042831338942050934,0.0003544159699231386,2.788379669189453,2.9223380088806152,0.1339583396911621
mistral_7b_v0_1,188,1,-0.004347324371337891,-0.0032292604446411133,0.0011180639266967773,0.00021692999871447682,0.00020020426018163562,-1.6725738532841206e-05,3.81594181060791,3.6285884380340576,-0.18735337257385254
mistral_7b_v0_1,189,1,0.0002040863037109375,-0.0001327991485595703,-0.0003368854522705078,2.7956994017586112e-05,1.859721669461578e-05,-9.35977732297033e-06,3.4948325157165527,3.431065797805786,-0.0637667179107666
mistral_7b_v0_1,190,1,0.01235198974609375,0.008887290954589844,-0.0034646987915039062,0.000148395833093673,0.0001479736529290676,-4.221801646053791e-07,3.5537781715393066,3.2039949893951416,-0.34978318214416504
mistral_7b_v0_1,191,1,-0.019846439361572266,2.0503997802734375e-05,0.019866943359375,0.0004971331218257546,9.762577246874571e-05,-0.00039950734935700893,3.156467914581299,3.436163902282715,0.279695987701416
mistral_7b_v0_1,192,1,0.0013497471809387207,0.01434403657913208,0.01299428939819336,0.0001848796382546425,0.0003780966508202255,0.000193217012565583,3.7204525470733643,3.9788296222686768,0.2583770751953125
mistral_7b_v0_1,193,1,0.006792537868022919,0.00646103173494339,-0.0003315061330795288,0.00020808668341487646,0.00018519198056310415,-2.289470285177231e-05,3.850186347961426,3.5639097690582275,-0.28627657890319824
mistral_7b_v0_1,194,1,0.0022430419921875,-0.03545379638671875,-0.03769683837890625,0.00011564847227418795,0.00017774093430489302,6.209246203070506e-05,3.874772787094116,3.9285902976989746,0.0538175106048584
mistral_7b_v0_1,195,1,-8.940696716308594e-08,5.960464477539062e-07,6.854534149169922e-07,-1.1611788863774564e-08,-4.417960042246705e-08,-3.256781155869248e-08,2.681173086166382,2.815979242324829,0.13480615615844727
mistral_7b_v0_1,196,1,0.00499725341796875,-0.0028944015502929688,-0.007891654968261719,0.000198046094737947,9.298115037381649e-05,-0.0001050649443641305,3.1848552227020264,3.280402898788452,0.09554767608642578
mistral_7b_v0_1,197,1,-0.0002092663198709488,2.8209760785102844e-05,0.00023747608065605164,6.5112317315652035e-06,2.9042657843092456e-05,2.2531426111527253e-05,3.2058515548706055,3.4680161476135254,0.2621645927429199
mistral_7b_v0_1,198,1,7.262453436851501e-05,-0.0006248112767934799,-0.0006974358111619949,2.236432919744402e-06,3.629521233960986e-05,3.405877941986546e-05,3.2355806827545166,2.968998908996582,-0.26658177375793457
mistral_7b_v0_1,199,1,-0.0003107786178588867,0.00012981891632080078,0.0004405975341796875,0.00012324051931500435,0.00046952860429883003,0.0003462880849838257,3.1737334728240967,3.3129754066467285,0.13924193382263184
mistral_7b_v0_1,200,1,0.0009772777557373047,-0.005509138107299805,-0.006486415863037109,0.0005230414681136608,0.0002146607730537653,-0.0003083806950598955,3.1321537494659424,3.3985605239868164,0.266406774520874
mistral_7b_v0_1,201,1,7.954239845275879e-05,2.810359001159668e-05,-5.143880844116211e-05,2.3640614017494954e-06,7.011444722593296e-07,-1.6629169294901658e-06,2.5005710124969482,2.940831422805786,0.4402604103088379
mistral_7b_v0_1,202,1,0.008063793182373047,0.007622718811035156,-0.0004410743713378906,0.00039860233664512634,0.00043405499309301376,3.545265644788742e-05,3.66041898727417,3.6475181579589844,-0.012900829315185547
mistral_7b_v0_1,206,1,-5.1841139793395996e-05,0.00016655027866363525,0.00021839141845703125,4.91895480081439e-06,6.070367817301303e-06,1.151413016486913e-06,2.8267219066619873,3.274627208709717,0.4479053020477295
mistral_7b_v0_1,207,1,-0.0004679188132286072,-0.00019333511590957642,0.00027458369731903076,1.5068741049617529e-05,8.51135791890556e-06,-6.557383130711969e-06,3.5428411960601807,3.3480732440948486,-0.19476795196533203
mistral_7b_v0_1,208,1,-3.337860107421875e-06,-0.06124472618103027,-0.06124138832092285,2.6895033442997374e-05,0.0006905082263983786,0.0006636131929553812,3.678438901901245,3.385916233062744,-0.292522668838501
mistral_7b_v0_1,209,1,0.0011876821517944336,-0.0030101537704467773,-0.004197835922241211,5.780086212325841e-05,0.00015786243602633476,0.00010006157390307635,3.68896484375,3.8851099014282227,0.19614505767822266
mistral_7b_v0_1,210,1,0.020185470581054688,-0.0659952163696289,-0.0861806869506836,0.00037696678191423416,0.001243026927113533,0.0008660601451992989,3.65895676612854,7.400838851928711,3.741882085800171
mistral_7b_v0_1,211,1,0.01111513376235962,0.011268794536590576,0.00015366077423095703,0.0003670933947432786,0.0003688255965244025,1.7322017811238766e-06,3.7115163803100586,3.697599172592163,-0.013917207717895508
mistral_7b_v0_1,212,1,-0.0027561187744140625,-0.030360698699951172,-0.02760457992553711,0.00010886392556130886,0.0005048406310379505,0.00039597670547664165,3.333951234817505,3.7052910327911377,0.3713397979736328
mistral_7b_v0_1,213,1,0.0005811452865600586,-0.0007637739181518555,-0.001344919204711914,3.7656325730495155e-05,3.223022213205695e-05,-5.426103598438203e-06,3.4290711879730225,3.1294989585876465,-0.299572229385376
mistral_7b_v0_1,214,1,-4.291534423828125e-06,1.2516975402832031e-05,1.6808509826660156e-05,2.7791156753664836e-07,4.6367966888283263e-07,1.8576810134618427e-07,2.535684108734131,2.5197532176971436,-0.015930891036987305
mistral_7b_v0_1,216,1,0.006683826446533203,-0.005962848663330078,-0.012646675109863281,0.00024659326300024986,0.0006432069931179285,0.00039661373011767864,3.046212911605835,2.9333908557891846,-0.11282205581665039
mistral_7b_v0_1,218,1,0.007265567779541016,0.0005049705505371094,-0.006760597229003906,0.00027271208819001913,0.0002154936082661152,-5.721847992390394e-05,3.604262113571167,3.8413238525390625,0.2370617389678955
mistral_7b_v0_1,221,1,0.0034761428833007812,0.0004315376281738281,-0.003044605255126953,9.078287985175848e-05,0.0001424606889486313,5.1677809096872807e-05,3.311192512512207,3.056490182876587,-0.2547023296356201
mistral_7b_v0_1,222,1,3.810855560004711e-06,-7.467134855687618e-05,-7.84822041168809e-05,6.527876621476025e-07,3.7397003325168043e-06,3.086912670369202e-06,4.174264907836914,5.390991687774658,1.2167267799377441
mistral_7b_v0_1,223,1,-0.004237264394760132,-0.005044430494308472,-0.0008071660995483398,0.0002022006083279848,0.0002714486327022314,6.92480243742466e-05,4.92790412902832,4.390337944030762,-0.5375661849975586
mistral_7b_v0_1,224,1,0.01977306604385376,0.0010742247104644775,-0.018698841333389282,0.0005473389755934477,5.334586603567004e-05,-0.0004939931095577776,3.6476800441741943,3.237396478652954,-0.41028356552124023
mistral_7b_v0_1,225,1,2.5779008865356445e-05,0.0013872021809220314,0.001361423172056675,1.0374387784395367e-06,0.00011099778930656612,0.00010996035052812658,2.8311097621917725,3.10365891456604,0.2725491523742676
mistral_7b_v0_1,226,1,-0.0086669921875,-0.010449409484863281,-0.0017824172973632812,0.0006805933080613613,0.0006680982187390327,-1.2495089322328568e-05,3.8706343173980713,3.4478986263275146,-0.42273569107055664
mistral_7b_v0_1,227,1,-0.004754066467285156,-0.06303882598876953,-0.058284759521484375,0.00010599926463328302,0.00015032236115075648,4.432309651747346e-05,3.9188332557678223,3.821617364883423,-0.09721589088439941
mistral_7b_v0_1,228,1,-0.0006668567657470703,0.0006577968597412109,0.0013246536254882812,0.000166366808116436,0.0002156016998924315,4.923489177599549e-05,3.2896530628204346,3.1444084644317627,-0.14524459838867188
mistral_7b_v0_1,229,1,-0.036011695861816406,0.0002117156982421875,0.036223411560058594,0.0001741413725540042,0.00020207883790135384,2.7937465347349644e-05,3.260537624359131,3.3183486461639404,0.05781102180480957
mistral_7b_v0_1,230,1,0.0027070045471191406,-0.02489793300628662,-0.02760493755340576,9.811786003410816e-05,0.0004879147745668888,0.00038979691453278065,3.302647829055786,3.7209010124206543,0.41825318336486816
mistral_7b_v0_1,231,1,-6.258487701416016e-07,-0.00012908875942230225,-0.00012846291065216064,8.906390576157719e-07,8.068309398368001e-06,7.177670340752229e-06,3.547851324081421,3.683392286300659,0.13554096221923828
mistral_7b_v0_1,232,1,-0.00030112266540527344,0.007565021514892578,0.007866144180297852,0.00014796145842410624,0.00028975680470466614,0.0001417953462805599,3.2271406650543213,2.9850881099700928,-0.24205255508422852
mistral_7b_v0_1,233,1,0.023277759552001953,0.021102428436279297,-0.0021753311157226562,0.00030816253274679184,0.00031660194508731365,8.439412340521812e-06,3.1887829303741455,3.8865742683410645,0.697791337966919
mistral_7b_v0_1,236,1,0.011839628219604492,0.011842012405395508,2.384185791015625e-06,0.0002981382131110877,0.00029809935949742794,-3.8853613659739494e-08,2.0030434131622314,2.199268341064453,0.19622492790222168
mistral_7b_v0_1,237,1,0.0012600421905517578,-0.00039005279541015625,-0.001650094985961914,5.195010453462601e-05,1.4906152500770986e-05,-3.704395203385502e-05,3.5810086727142334,3.4378700256347656,-0.14313864707946777
mistral_7b_v0_1,239,1,-0.0018346309661865234,-0.0009593963623046875,0.0008752346038818359,5.881686229258776e-05,8.123827865347266e-05,2.2421416360884905e-05,3.626235246658325,3.5297837257385254,-0.0964515209197998
mistral_7b_v0_1,240,1,0.0008293986320495605,0.0004588663578033447,-0.0003705322742462158,2.7319052605889738e-05,4.8841757234185934e-05,2.1522704628296196e-05,2.9698777198791504,3.2851665019989014,0.315288782119751
mistral_7b_v0_1,241,1,0.053931236267089844,0.08072185516357422,0.026790618896484375,0.0005574452225118876,0.000499306246638298,-5.8138975873589516e-05,3.0846729278564453,3.1717658042907715,0.08709287643432617
mistral_7b_v0_1,242,1,-2.3841203073970973e-06,-2.7417390811024234e-06,-3.57618773705326e-07,1.9587957922340138e-07,9.569157555233687e-08,-1.0018800367106451e-07,5.432356357574463,6.114343166351318,0.6819868087768555
mistral_7b_v0_1,243,1,-0.00045871734619140625,0.0009279251098632812,0.0013866424560546875,0.00012621478526853025,0.00018562597688287497,5.9411191614344716e-05,3.348939895629883,3.314424991607666,-0.0345149040222168
mistral_7b_v0_1,244,1,0.0007497072219848633,0.0009949803352355957,0.0002452731132507324,5.094295192975551e-05,8.737883763387799e-05,3.6435885704122484e-05,3.3273589611053467,4.0322346687316895,0.7048757076263428
mistral_7b_v0_1,245,1,-0.04118978977203369,-0.04186081886291504,-0.0006710290908813477,0.00043944467324763536,0.00045804749242961407,1.8602819181978703e-05,3.012996196746826,3.1321418285369873,0.11914563179016113
mistral_7b_v0_1,248,1,0.016734451055526733,-0.006819814443588257,-0.02355426549911499,0.000385550782084465,0.00018930266378447413,-0.0001962481182999909,3.554067373275757,3.351027011871338,-0.20304036140441895
mistral_7b_v0_1,249,1,-0.028245925903320312,0.0027971267700195312,0.031043052673339844,8.741975761950016e-05,8.994992822408676e-05,2.5301706045866013e-06,3.1731603145599365,3.2998533248901367,0.1266930103302002
mistral_7b_v0_1,250,1,0.00497591495513916,0.01077568531036377,0.005799770355224609,0.000243682530708611,0.0002769818529486656,3.329932224005461e-05,3.51914381980896,3.1053249835968018,-0.4138188362121582
mistral_7b_v0_1,251,1,0.042795777320861816,-0.0002498626708984375,-0.043045639991760254,0.0004760078154504299,0.00013153633335605264,-0.0003444714820943773,3.4545555114746094,3.3397269248962402,-0.11482858657836914
mistral_7b_v0_1,252,1,0.0019982755184173584,0.00028896331787109375,-0.0017093122005462646,9.684194810688496e-05,4.5734806917607784e-05,-5.110714118927717e-05,3.295563220977783,3.4138641357421875,0.1183009147644043
mistral_7b_v0_1,254,1,-1.3112075976096094e-06,-1.3112075976096094e-06,0.0,-1.6856000684128958e-07,-1.5387968232971616e-07,1.4680324511573417e-08,2.8612706661224365,2.934396266937256,0.07312560081481934
mistral_7b_v0_1,255,1,0.02488255500793457,0.024523258209228516,-0.0003592967987060547,0.00048427004367113113,0.0004796888679265976,-4.581175744533539e-06,3.607135772705078,3.609490156173706,0.0023543834686279297
