model,sequence_index,num_pairs,sink_delta_nll,ordinary_delta_nll,paired_delta_nll,sink_kl,ordinary_kl,paired_kl,sink_logit_l2,ordinary_logit_l2,paired_logit_l2
pythia_1b,1,1,0.012404441833496094,-0.007656991481781006,-0.0200614333152771,0.00032823672518134117,0.00026524998247623444,-6.298674270510674e-05,5.385566234588623,6.534427165985107,1.1488609313964844
pythia_1b,3,1,-0.03043651580810547,-0.029786109924316406,0.0006504058837890625,4.638842074200511e-05,9.164959192276001e-05,4.52611711807549e-05,5.0034871101379395,6.5647873878479,1.561300277709961
pythia_1b,4,1,-0.0066220760345458984,-0.004992008209228516,0.0016300678253173828,0.0002916493685916066,0.00031272938940674067,2.108002081513405e-05,4.689454555511475,6.498289108276367,1.8088345527648926
pythia_1b,5,1,-0.00010532140731811523,-0.002410203218460083,-0.0023048818111419678,6.219604983925819e-06,0.00010998069774359465,0.00010376109275966883,5.026540279388428,9.196070671081543,4.169530391693115
pythia_1b,6,1,0.057090044021606445,0.051027774810791016,-0.00606226921081543,0.0002955114468932152,0.0005685144569724798,0.00027300301007926464,3.7567033767700195,8.28563404083252,4.5289306640625
pythia_1b,8,1,-0.0014671087265014648,-0.03698372840881348,-0.03551661968231201,7.451450801454484e-05,0.0004765444900840521,0.00040202998206950724,4.173073768615723,9.048149108886719,4.875075340270996
pythia_1b,9,1,-0.013045698404312134,0.009959012269973755,0.02300471067428589,0.0006300513632595539,0.0005234340205788612,-0.00010661734268069267,8.3450345993042,10.52488899230957,2.179854393005371
pythia_1b,10,1,-0.0026521682739257812,0.06755733489990234,0.07020950317382812,0.0002791173756122589,0.001259219367057085,0.0009801019914448261,4.56263542175293,7.798421859741211,3.2357864379882812
pythia_1b,11,1,-3.902893513441086e-05,-0.00017730006948113441,-0.00013827113434672356,2.549157215980813e-06,1.1038156117137987e-05,8.488998901157174e-06,6.392491340637207,7.1629438400268555,0.7704524993896484
pythia_1b,13,1,0.003236532211303711,-0.0031147003173828125,-0.0063512325286865234,0.0001211769413203001,0.00021025340538471937,8.907646406441927e-05,4.112549304962158,6.890655994415283,2.778106689453125
pythia_1b,14,1,0.0041255950927734375,-0.02455425262451172,-0.028679847717285156,0.0005177635466679931,0.0008736743475310504,0.0003559108008630574,5.118053436279297,10.526095390319824,5.408041954040527
pythia_1b,15,1,-4.041008651256561e-06,2.377200871706009e-07,4.278728738427162e-06,3.743534762179479e-07,9.707362096378347e-07,5.963827334198868e-07,3.9142115116119385,13.461594581604004,9.547383069992065
pythia_1b,16,1,-3.4749507904052734e-05,-8.463859558105469e-06,2.6285648345947266e-05,1.8891460058512166e-06,1.0311841833754443e-06,-8.579618224757724e-07,6.18999719619751,9.809013366699219,3.619016170501709
pythia_1b,17,1,0.05202293395996094,0.06225109100341797,0.010228157043457031,0.0003554894356057048,0.00016362644964829087,-0.0001918629859574139,6.697842597961426,5.758162498474121,-0.9396800994873047
pythia_1b,19,1,0.001684974879026413,8.098036050796509e-05,-0.0016039945185184479,5.1208073273301125e-05,4.938479833072051e-06,-4.626959344022907e-05,7.189115047454834,7.603748321533203,0.41463327407836914
pythia_1b,20,1,-0.051053762435913086,-0.10011911392211914,-0.049065351486206055,0.001913921907544136,0.007437059655785561,0.0055231377482414246,4.788626670837402,10.4661283493042,5.677501678466797
pythia_1b,22,1,-0.004480957984924316,-0.006029486656188965,-0.0015485286712646484,0.00018086307682096958,0.00017400551587343216,-6.857560947537422e-06,4.598951816558838,4.8840861320495605,0.28513431549072266
pythia_1b,23,1,0.027166128158569336,-0.0076029300689697266,-0.03476905822753906,0.0007491081487387419,0.0032394658774137497,0.002490357728675008,7.577301025390625,17.41897201538086,9.841670989990234
pythia_1b,24,1,0.0014445781707763672,-0.04202985763549805,-0.043474435806274414,0.0001472305739298463,0.0006601645145565271,0.0005129339406266809,3.700868606567383,8.635955810546875,4.935087203979492
pythia_1b,25,1,0.032219886779785156,0.017102956771850586,-0.01511693000793457,0.0004915622994303703,0.0004429430700838566,-4.861922934651375e-05,3.9508092403411865,5.6569600105285645,1.706150770187378
pythia_1b,26,1,0.021601170301437378,0.004164248704910278,-0.0174369215965271,0.0006245123222470284,0.00015264171815942973,-0.0004718706040875986,5.180408477783203,9.617883682250977,4.437475204467773
pythia_1b,27,1,-0.005237102508544922,0.00999307632446289,0.015230178833007812,0.00047041376819834113,0.0008103839354589581,0.000339970167260617,6.563514709472656,7.620013236999512,1.0564985275268555
pythia_1b,28,1,-0.016409873962402344,-0.06674671173095703,-0.05033683776855469,0.0004987118300050497,0.002909163013100624,0.0024104511830955744,8.545156478881836,20.9219970703125,12.376840591430664
pythia_1b,29,1,-0.004479408264160156,0.029012203216552734,0.03349161148071289,0.00016478513134643435,0.0007008062675595284,0.000536021136213094,4.277454853057861,8.200620651245117,3.923165798187256
pythia_1b,30,1,-0.05682849884033203,-0.04359579086303711,0.013232707977294922,0.0006918676663190126,0.0005069724284112453,-0.0001848952379077673,7.497600078582764,8.255412101745605,0.7578120231628418
pythia_1b,31,1,-0.029149532318115234,-0.006269931793212891,0.022879600524902344,0.00048762490041553974,0.00021456612739712,-0.00027305877301841974,4.088704586029053,4.452520370483398,0.3638157844543457
pythia_1b,32,1,9.910156950354576e-05,-3.8337428122758865e-05,-0.00013743899762630463,3.949411620851606e-06,4.645180524676107e-06,6.957689038245007e-07,9.653462409973145,11.960243225097656,2.3067808151245117
pythia_1b,33,1,-0.05754661560058594,0.0026705265045166016,0.06021714210510254,0.0003137905150651932,0.00018388975877314806,-0.00012990075629204512,5.217597961425781,4.86888313293457,-0.34871482849121094
pythia_1b,34,1,-0.026559829711914062,0.009402275085449219,0.03596210479736328,0.00024323869729414582,0.0003692248137667775,0.0001259861164726317,4.470038890838623,5.620736598968506,1.1506977081298828
pythia_1b,35,1,-0.05285072326660156,0.0014023780822753906,0.05425310134887695,0.0004700738936662674,0.0001417736930307001,-0.0003283002006355673,3.9592764377593994,4.9771037101745605,1.0178272724151611
pythia_1b,36,1,-0.034781455993652344,-0.06776046752929688,-0.03297901153564453,0.00048069609329104424,0.00036181812174618244,-0.0001188779715448618,3.832383871078491,5.044947147369385,1.2125632762908936
pythia_1b,37,1,0.03356856107711792,0.0008301734924316406,-0.03273838758468628,0.0014916285872459412,3.088248195126653e-05,-0.0014607461052946746,5.838764667510986,6.851644039154053,1.0128793716430664
pythia_1b,39,1,-4.682689905166626e-05,-0.0033806785941123962,-0.00333385169506073,2.1249623387120664e-05,0.0001947911223396659,0.00017354149895254523,7.195740222930908,11.74252986907959,4.546789646148682
pythia_1b,41,1,0.0025811195373535156,-0.07633596658706665,-0.07891708612442017,0.00012547813821583986,0.0018416345119476318,0.001716156373731792,13.52242660522461,13.056268692016602,-0.4661579132080078
pythia_1b,42,1,-0.04626655578613281,0.023074626922607422,0.06934118270874023,0.0005859537050127983,0.00041378976311534643,-0.00017216394189745188,5.039711952209473,5.816888332366943,0.7771763801574707
pythia_1b,43,1,-0.07227635383605957,-0.07639503479003906,-0.004118680953979492,0.0022980375215411186,0.0018930132500827312,-0.0004050242714583874,5.96859884262085,9.87287425994873,3.904275417327881
pythia_1b,44,1,-0.010478079319000244,0.009474650025367737,0.01995272934436798,0.0003144117072224617,0.0005799275822937489,0.00026551587507128716,7.229665756225586,14.935975074768066,7.7063093185424805
pythia_1b,45,1,1.0728836059570312e-06,-0.0001112818717956543,-0.00011235475540161133,1.7634869436733425e-05,3.081169415963814e-05,1.3176824722904712e-05,4.168471813201904,9.619820594787598,5.451348781585693
pythia_1b,46,1,0.016854286193847656,0.04541921615600586,0.028564929962158203,0.0003773234784603119,0.000382804311811924,5.480833351612091e-06,3.909945011138916,3.952918767929077,0.04297375679016113
pythia_1b,47,1,0.0025600194931030273,0.001014113426208496,-0.0015459060668945312,7.939990609884262e-05,0.00012105287169106305,4.1652965592220426e-05,3.9575960636138916,5.918533802032471,1.960937738418579
pythia_1b,48,1,0.010377883911132812,0.0067920684814453125,-0.0035858154296875,0.0003296147915534675,0.0005113896913826466,0.00018177489982917905,5.646141052246094,5.359654903411865,-0.2864861488342285
pythia_1b,49,1,0.00031584128737449646,-0.0009990744292736053,-0.0013149157166481018,8.534756489098072e-06,3.234903488191776e-05,2.3814278392819688e-05,4.3472137451171875,5.995353698730469,1.6481399536132812
pythia_1b,50,1,-0.009797632694244385,-0.009713530540466309,8.410215377807617e-05,0.00029578700195997953,0.00033039675327017903,3.46097513101995e-05,5.838764667510986,6.543437480926514,0.7046728134155273
pythia_1b,51,1,0.012568891048431396,-0.0002238452434539795,-0.012792736291885376,0.000654163770377636,3.6817895306739956e-05,-0.000617345875070896,5.605781555175781,5.633785724639893,0.028004169464111328
pythia_1b,52,1,0.0003097187727689743,0.002549063414335251,0.0022393446415662766,1.2909629731439054e-05,0.00012659281492233276,0.00011368318519089371,4.698302268981934,5.769354343414307,1.071052074432373
pythia_1b,53,1,0.0018894672393798828,0.012226343154907227,0.010336875915527344,0.0006158198229968548,0.00046953605487942696,-0.00014628376811742783,6.051355361938477,6.268671035766602,0.217315673828125
pythia_1b,54,1,4.884274676442146e-05,0.0004566048737615347,0.00040776212699711323,1.517499185865745e-06,3.253646718803793e-05,3.101896800217219e-05,5.289597511291504,9.430843353271484,4.1412458419799805
pythia_1b,55,1,0.0013873279094696045,0.000803530216217041,-0.0005837976932525635,4.41495212726295e-05,3.445701440796256e-05,-9.692506864666939e-06,5.684822082519531,6.601797103881836,0.9169750213623047
pythia_1b,56,1,0.005258083343505859,-0.013301849365234375,-0.018559932708740234,0.0003560764598660171,0.00041719700675457716,6.112054688856006e-05,4.895302772521973,5.7532477378845215,0.8579449653625488
pythia_1b,57,1,-0.005461692810058594,-0.012959003448486328,-0.007497310638427734,0.001147928647696972,0.0009204940870404243,-0.00022743456065654755,5.6177287101745605,4.603864669799805,-1.0138640403747559
pythia_1b,58,1,-0.00950932502746582,-0.009451150894165039,5.817413330078125e-05,0.0003203083761036396,0.0004827609518542886,0.00016245257575064898,3.9520273208618164,5.099318981170654,1.147291660308838
pythia_1b,59,1,-0.007176518440246582,-0.015455365180969238,-0.008278846740722656,0.00024057598784565926,0.00045665178913623095,0.0002160758012905717,4.769463062286377,6.294858932495117,1.5253958702087402
pythia_1b,60,1,0.0013834238052368164,0.0016292184591293335,0.0002457946538925171,4.4125132262706757e-05,5.689007230103016e-05,1.2764940038323402e-05,7.145941734313965,11.895115852355957,4.749174118041992
pythia_1b,61,1,0.002595186233520508,-0.0007882118225097656,-0.0033833980560302734,0.0008607734926044941,0.0007727094925940037,-8.806400001049042e-05,6.488219738006592,5.996713161468506,-0.49150657653808594
pythia_1b,62,1,0.004488825798034668,-0.002912282943725586,-0.007401108741760254,0.0004023148212581873,0.00043095345608890057,2.8638634830713272e-05,7.230606555938721,7.761722087860107,0.5311155319213867
pythia_1b,64,1,0.03068065643310547,0.0400313138961792,0.00935065746307373,0.0006344886496663094,0.0006536068394780159,1.9118189811706543e-05,6.647343158721924,10.484038352966309,3.8366951942443848
pythia_1b,66,1,-0.01517629623413086,-0.012744426727294922,0.0024318695068359375,0.00039692409336566925,0.0005442104302346706,0.0001472863368690014,4.629652500152588,5.698873996734619,1.0692214965820312
pythia_1b,67,1,-0.001877903938293457,-0.03194540739059448,-0.030067503452301025,0.00026419805362820625,0.0005531590431928635,0.0002889609895646572,5.772258758544922,5.403844356536865,-0.36841440200805664
pythia_1b,68,1,4.0590763092041016e-05,-0.03205886483192444,-0.03209945559501648,1.9579497347876895e-06,0.0015060808509588242,0.0015041229012240365,6.191318988800049,9.042061805725098,2.850742816925049
pythia_1b,71,1,0.0008102357387542725,0.006867200136184692,0.00605696439743042,4.973975592292845e-05,0.00023450310982298106,0.0001847633539000526,4.274409294128418,5.975186347961426,1.7007770538330078
pythia_1b,72,1,0.04104781150817871,0.037574052810668945,-0.0034737586975097656,0.0005106907337903976,0.0004782332107424736,-3.245752304792404e-05,3.7944107055664062,5.898613929748535,2.104203224182129
pythia_1b,73,1,-0.0475926399230957,-0.04023456573486328,0.007358074188232422,0.0006611223798245192,0.0007870301487855613,0.00012590776896104217,7.966322898864746,9.85466480255127,1.8883419036865234
pythia_1b,74,1,-0.007837533950805664,-0.014546632766723633,-0.006709098815917969,0.0002684732899069786,0.00041845953091979027,0.00014998624101281166,4.734374523162842,6.49064302444458,1.7562685012817383
pythia_1b,75,1,-0.08246350288391113,-0.08130574226379395,0.0011577606201171875,0.0005381661467254162,0.0005635293200612068,2.5363173335790634e-05,4.237791538238525,4.514427185058594,0.27663564682006836
pythia_1b,76,1,0.013255119323730469,0.0046367645263671875,-0.008618354797363281,0.00034786807373166084,0.00022126256953924894,-0.0001266055041924119,3.5366389751434326,7.217885494232178,3.681246519088745
pythia_1b,78,1,-0.014291763305664062,-0.0055255889892578125,0.00876617431640625,0.00035995058715343475,0.00030945963226258755,-5.0490954890847206e-05,4.084668159484863,4.391432762145996,0.3067646026611328
pythia_1b,79,1,0.00024634599685668945,0.036810994148254395,0.036564648151397705,8.284725481644273e-05,0.0005875239148736,0.0005046766600571573,4.776464462280273,5.897546768188477,1.1210823059082031
pythia_1b,80,1,0.00668025016784668,0.0067594051361083984,7.915496826171875e-05,0.00034115975722670555,0.00058011244982481,0.00023895269259810448,6.217770099639893,7.831358432769775,1.6135883331298828
pythia_1b,81,1,0.04915452003479004,-0.00534510612487793,-0.05449962615966797,0.0004679452395066619,0.00031076284358277917,-0.00015718239592388272,5.526250839233398,8.973714828491211,3.4474639892578125
pythia_1b,82,1,-0.03426933288574219,0.016849994659423828,0.051119327545166016,0.001230780966579914,0.00038815406151115894,-0.0008426269050687551,5.165699005126953,11.572020530700684,6.4063215255737305
pythia_1b,83,1,-0.03908941149711609,-0.03950315713882446,-0.000413745641708374,0.0017068218439817429,0.0017903521656990051,8.353032171726227e-05,5.911649703979492,11.228562355041504,5.316912651062012
pythia_1b,84,1,0.006882190704345703,0.01795482635498047,0.011072635650634766,0.0002073931973427534,0.0004217466339468956,0.0002143534366041422,6.898074150085449,7.056210517883301,0.15813636779785156
pythia_1b,85,1,-0.006152689456939697,-0.0014231204986572266,0.004729568958282471,0.00017629796639084816,5.766615504398942e-05,-0.00011863181134685874,5.440956115722656,7.847051620483398,2.406095504760742
pythia_1b,87,1,-0.00025069713592529297,0.0011627674102783203,0.0014134645462036133,0.00016537182091269642,0.00022244076535571367,5.7068944443017244e-05,4.267706871032715,8.47568130493164,4.207974433898926
pythia_1b,88,1,-0.02008342742919922,0.00042939186096191406,0.020512819290161133,0.0004254113882780075,0.0004747450293507427,4.933364107273519e-05,4.264016628265381,7.289889335632324,3.0258727073669434
pythia_1b,91,1,0.009337365627288818,-0.017176806926727295,-0.026514172554016113,0.00025162799283862114,0.00041163014248013496,0.00016000214964151382,6.94179630279541,6.198450565338135,-0.7433457374572754
pythia_1b,92,1,0.01236724853515625,0.032604217529296875,0.020236968994140625,0.0005051456391811371,0.00040871952660381794,-9.642611257731915e-05,4.842831611633301,5.746407985687256,0.9035763740539551
pythia_1b,93,1,-0.019028276205062866,-0.0022912323474884033,0.016737043857574463,0.00042174477130174637,0.0004255133680999279,3.768596798181534e-06,6.220164775848389,8.677225112915039,2.4570603370666504
pythia_1b,94,1,0.0020170211791992188,-0.008619308471679688,-0.010636329650878906,0.0004015672020614147,0.0003279510419815779,-7.361616007983685e-05,4.8508195877075195,6.656414031982422,1.8055944442749023
pythia_1b,96,1,0.0024071335792541504,0.0031027793884277344,0.000695645809173584,0.00011317699681967497,0.00014566921163350344,3.249221481382847e-05,4.703298568725586,6.444437503814697,1.7411389350891113
pythia_1b,98,1,0.00015749037265777588,-0.01131846010684967,-0.011475950479507446,6.010777724441141e-06,0.00039315130561590195,0.0003871405278914608,3.6768853664398193,14.40060043334961,10.72371506690979
pythia_1b,99,1,-5.94467855989933e-05,-1.9260449334979057e-05,4.0186336264014244e-05,1.9834988052025437e-06,1.168779817817267e-06,-8.147189873852767e-07,4.494412899017334,4.782978057861328,0.28856515884399414
pythia_1b,100,1,-0.0006284713745117188,0.05310559272766113,0.05373406410217285,0.00039429194293916225,0.0003092213300988078,-8.507061284035444e-05,4.517657279968262,6.880645275115967,2.362987995147705
pythia_1b,101,1,0.016836166381835938,0.02748584747314453,0.010649681091308594,0.00042165699414908886,0.0005976189859211445,0.00017596199177205563,5.789573669433594,8.171396255493164,2.3818225860595703
pythia_1b,102,1,-0.07195281982421875,0.00055694580078125,0.072509765625,0.0003944048658013344,0.00027628301177173853,-0.00011812185402959585,4.020554542541504,9.93919563293457,5.918641090393066
pythia_1b,103,1,-0.058956146240234375,0.00043392181396484375,0.05939006805419922,0.00019350694492459297,0.0003110651741735637,0.00011755822924897075,5.057024955749512,8.12712574005127,3.070100784301758
pythia_1b,104,1,0.004408121109008789,-0.005815029144287109,-0.010223150253295898,0.000228244811296463,0.00023749028332531452,9.245472028851509e-06,4.959262847900391,5.298422336578369,0.3391594886779785
pythia_1b,105,1,-0.00023889541625976562,0.015071392059326172,0.015310287475585938,0.00016053207218647003,0.00041418662294745445,0.0002536545507609844,5.390822410583496,8.37197494506836,2.9811525344848633
pythia_1b,106,1,0.0010557174682617188,-0.02701854705810547,-0.028074264526367188,0.00031944422516971827,0.0009844759479165077,0.0006650317227467895,4.420150279998779,10.520415306091309,6.100265026092529
pythia_1b,107,1,-0.03497445583343506,0.0014802217483520508,0.03645467758178711,0.00054532615467906,0.00025648006703704596,-0.000288846087642014,5.520509243011475,6.4273600578308105,0.9068508148193359
pythia_1b,109,1,-0.004055500030517578,-0.014538407325744629,-0.01048290729522705,0.00013365800259634852,0.0003525310894474387,0.0002188730868510902,3.609088897705078,4.40428352355957,0.7951946258544922
pythia_1b,110,1,0.04286909103393555,-0.0032410621643066406,-0.04611015319824219,0.0005207797512412071,0.00018754421034827828,-0.00033323554089292884,5.948892593383789,6.109218120574951,0.1603255271911621
pythia_1b,111,1,0.004954814910888672,0.002421855926513672,-0.002532958984375,0.0002355106407776475,0.00029574159998446703,6.0230959206819534e-05,5.079625129699707,5.9613261222839355,0.8817009925842285
pythia_1b,113,1,0.040966033935546875,0.040831565856933594,-0.00013446807861328125,0.000420162919908762,0.00034315488301217556,-7.700803689658642e-05,5.214235305786133,7.106322288513184,1.8920869827270508
pythia_1b,114,1,-0.004824638366699219,0.08117103576660156,0.08599567413330078,0.00019762373995035887,0.0004342760657891631,0.00023665232583880424,3.7763266563415527,9.797561645507812,6.02123498916626
pythia_1b,115,1,0.04331254959106445,0.04947352409362793,0.0061609745025634766,0.0005250214599072933,0.0007825149223208427,0.0002574934624135494,5.116501331329346,6.372199535369873,1.2556982040405273
pythia_1b,118,1,0.0004952549934387207,0.009106874465942383,0.008611619472503662,3.246553387725726e-05,0.0004774797707796097,0.0004450142369023524,4.859835624694824,6.984704494476318,2.124868869781494
pythia_1b,119,1,-0.0030710697174072266,0.004473447799682617,0.007544517517089844,0.0005835429765284061,0.0006860792636871338,0.00010253628715872765,6.129968643188477,5.648360729217529,-0.48160791397094727
pythia_1b,120,1,0.0029947757720947266,-0.007673740386962891,-0.010668516159057617,0.00011652096873149276,0.0005130571080371737,0.000396536139305681,3.3691234588623047,6.186685085296631,2.817561626434326
pythia_1b,121,1,0.007969856262207031,0.0003414154052734375,-0.007628440856933594,0.00025617610663175583,0.0008490327745676041,0.0005928566679358482,5.424466609954834,15.418539047241211,9.994072437286377
pythia_1b,122,1,0.0014172345399856567,0.0027459263801574707,0.001328691840171814,5.195976700633764e-05,8.354138117283583e-05,3.1581614166498184e-05,4.187815189361572,6.2729082107543945,2.0850930213928223
pythia_1b,123,1,0.006133556365966797,0.033049583435058594,0.026916027069091797,0.0006478040013462305,0.0005025612190365791,-0.00014524278230965137,5.562980651855469,5.650271892547607,0.08729124069213867
pythia_1b,124,1,-0.0019635260105133057,-0.00039239227771759033,0.0015711337327957153,5.655689164996147e-05,2.7263617084827274e-05,-2.9293274565134197e-05,5.064129829406738,4.975229263305664,-0.08890056610107422
pythia_1b,125,1,-0.05051329731941223,-0.04231935739517212,0.008193939924240112,0.0020632287487387657,0.0017020022496581078,-0.00036122649908065796,6.5361738204956055,7.613515377044678,1.0773415565490723
pythia_1b,126,1,-0.0561366081237793,-0.0025615692138671875,0.05357503890991211,0.00033472408540546894,0.00022610649466514587,-0.00010861759074032307,5.339200973510742,6.223832130432129,0.8846311569213867
pythia_1b,127,1,0.05825638771057129,0.10750055313110352,0.04924416542053223,0.0004868552787229419,0.0009665237739682198,0.0004796684952452779,5.10752534866333,6.45791482925415,1.3503894805908203
pythia_1b,128,1,0.0011274665594100952,-0.011077247560024261,-0.012204714119434357,5.3645053412765265e-05,0.0006190920248627663,0.000565446971450001,11.051485061645508,9.313407897949219,-1.738077163696289
pythia_1b,129,1,0.0039882659912109375,0.002602815628051758,-0.0013854503631591797,0.00013424537610262632,0.00010619958629831672,-2.8045789804309607e-05,6.646515846252441,6.579553604125977,-0.06696224212646484
pythia_1b,130,1,0.02340555191040039,0.004355907440185547,-0.019049644470214844,0.0014920299872756004,0.00014278339222073555,-0.0013492465950548649,4.269443035125732,9.323925971984863,5.054482936859131
pythia_1b,131,1,0.0012331008911132812,-0.0006504058837890625,-0.0018835067749023438,0.00028847542125731707,0.000581977772526443,0.00029350235126912594,4.435630798339844,7.8209686279296875,3.3853378295898438
pythia_1b,132,1,0.03348493576049805,0.00908041000366211,-0.024404525756835938,0.0004937080666422844,0.00029009790159761906,-0.00020361016504466534,4.360997200012207,5.089584827423096,0.7285876274108887
pythia_1b,133,1,0.0032372474670410156,0.0004382133483886719,-0.0027990341186523438,0.00033204350620508194,0.00018311140593141317,-0.00014893210027366877,4.651960372924805,4.6181559562683105,-0.03380441665649414
pythia_1b,134,1,0.00039292825385928154,0.0003819200210273266,-1.1008232831954956e-05,1.2087664799764752e-05,1.2329401215538383e-05,2.4173641577363014e-07,5.029217720031738,7.1056671142578125,2.076449394226074
pythia_1b,135,1,0.0003755739890038967,0.0006137567106634378,0.00023818272165954113,2.6821799110621214e-05,6.694364128634334e-05,4.012184217572212e-05,6.671056270599365,12.788424491882324,6.117368221282959
pythia_1b,136,1,-0.0015811920166015625,0.05382704734802246,0.05540823936462402,6.596869206987321e-05,0.000306643545627594,0.00024067485355772078,4.824690341949463,5.162662982940674,0.33797264099121094
pythia_1b,137,1,-0.0002584606409072876,-0.0003712475299835205,-0.00011278688907623291,2.5482004275545478e-05,2.2733176592737436e-05,-2.7488276828080416e-06,5.575573921203613,6.570030212402344,0.9944562911987305
pythia_1b,138,1,0.0031185150146484375,0.004094600677490234,0.0009760856628417969,0.00032666674815118313,0.0006336730439215899,0.0003070062957704067,5.614286422729492,8.104297637939453,2.490011215209961
pythia_1b,139,1,0.020153045654296875,0.04798531532287598,0.0278322696685791,0.0005079212132841349,0.002711018081754446,0.002203096868470311,5.527923107147217,14.095332145690918,8.567409038543701
pythia_1b,140,1,-0.03894472122192383,-0.057740211486816406,-0.018795490264892578,0.00048607424832880497,0.00040873256511986256,-7.734168320894241e-05,5.885886192321777,7.62318754196167,1.7373013496398926
pythia_1b,141,1,-0.003468155860900879,-0.04585123062133789,-0.04238307476043701,0.00048393034376204014,0.000842277193441987,0.0003583468496799469,4.534334182739258,7.147111415863037,2.6127772331237793
pythia_1b,143,1,4.3392181396484375e-05,0.013241291046142578,0.013197898864746094,1.3751407095696777e-05,0.0003414279781281948,0.00032767657103249803,4.243866443634033,7.505239963531494,3.261373519897461
pythia_1b,144,1,-0.06663680076599121,-0.022821903228759766,0.043814897537231445,0.0008260896429419518,0.0010387289803475142,0.0002126393374055624,6.430585861206055,11.54520034790039,5.114614486694336
pythia_1b,145,1,-0.011075139045715332,-0.022833943367004395,-0.011758804321289062,0.00042235711589455605,0.0004921955987811089,6.983848288655281e-05,4.176076889038086,5.192701816558838,1.016624927520752
pythia_1b,146,1,0.0019208192825317383,-0.04551565647125244,-0.04743647575378418,0.000388368614949286,0.0009813793003559113,0.0005930106854066253,5.136183738708496,11.038470268249512,5.902286529541016
pythia_1b,147,1,-0.0372164249420166,-0.003025531768798828,0.03419089317321777,0.001517617143690586,0.00014283135533332825,-0.0013747857883572578,4.997447490692139,9.62318229675293,4.625734806060791
pythia_1b,149,1,0.00015627266839146614,-2.5928951799869537e-05,-0.00018220162019133568,6.2094550230540335e-06,1.4242141332942992e-06,-4.785240889759734e-06,8.671085357666016,7.376833915710449,-1.2942514419555664
pythia_1b,150,1,-0.04885363578796387,-0.06867694854736328,-0.019823312759399414,0.0005138712003827095,0.001243127160705626,0.0007292559603229165,4.66845178604126,4.560563087463379,-0.10788869857788086
pythia_1b,151,1,-0.024493694305419922,0.014997005462646484,0.039490699768066406,0.00103267771191895,0.0004340820014476776,-0.0005985957104712725,6.675793170928955,7.430428504943848,0.7546353340148926
pythia_1b,152,1,0.0010297298431396484,-0.0007368922233581543,-0.0017666220664978027,7.81057751737535e-05,8.065567817538977e-05,2.5499030016362667e-06,5.9000749588012695,5.755980491638184,-0.14409446716308594
pythia_1b,153,1,-0.00044847559183835983,0.0004826867952942848,0.0009311623871326447,2.3523607524111867e-05,1.5100660675670952e-05,-8.422946848440915e-06,5.927733898162842,6.381421089172363,0.4536871910095215
pythia_1b,154,1,0.0021898746490478516,-0.04999864101409912,-0.05218851566314697,0.00011020060628652573,0.0007759785512462258,0.0006657779449597001,6.644967079162598,9.606256484985352,2.961289405822754
pythia_1b,155,1,-0.002171039581298828,0.002015233039855957,0.004186272621154785,0.0002148738130927086,0.0002562067238613963,4.1332910768687725e-05,3.524322032928467,6.222951889038086,2.698629856109619
pythia_1b,157,1,0.024781346321105957,0.02548515796661377,0.0007038116455078125,0.0011735162697732449,0.0011016437783837318,-7.187249138951302e-05,6.630554676055908,5.595285892486572,-1.035268783569336
pythia_1b,158,1,0.08328723907470703,0.05828738212585449,-0.02499985694885254,0.0014538951218128204,0.0003366222372278571,-0.0011172728845849633,6.205078125,4.775713920593262,-1.4293642044067383
pythia_1b,159,1,-0.0037602782249450684,-0.007314801216125488,-0.00355452299118042,0.0002759452909231186,0.00024603400379419327,-2.9911287128925323e-05,5.813584804534912,7.101313591003418,1.2877287864685059
pythia_1b,160,1,0.038275718688964844,0.025371074676513672,-0.012904644012451172,0.0006173332221806049,0.0011189559008926153,0.0005016226787120104,6.360707759857178,10.812630653381348,4.45192289352417
pythia_1b,161,1,-0.0005426406860351562,0.00794219970703125,0.008484840393066406,0.00020116905216127634,0.0003451250959187746,0.00014395604375749826,4.604778289794922,5.727930068969727,1.1231517791748047
pythia_1b,162,1,-0.05086708068847656,-0.027466773986816406,0.023400306701660156,0.000539066269993782,0.0006090565584599972,6.999028846621513e-05,4.5732293128967285,6.74627685546875,2.1730475425720215
pythia_1b,163,1,-0.0037945210933685303,-0.008365511894226074,-0.004570990800857544,0.00021002776338718832,0.0003093915292993188,9.936376591213048e-05,6.52822208404541,7.475440979003906,0.9472188949584961
pythia_1b,164,1,-0.014297574758529663,-8.428096771240234e-05,0.01421329379081726,0.0008051650947891176,5.398106168286176e-06,-0.0007997669886208314,5.821140766143799,6.710508346557617,0.8893675804138184
pythia_1b,165,1,-0.002341747283935547,0.05346345901489258,0.055805206298828125,0.00014280425966717303,0.0007151435129344463,0.0005723392532672733,3.5240375995635986,10.265222549438477,6.741184949874878
pythia_1b,166,1,-0.002269268035888672,-0.0033571720123291016,-0.0010879039764404297,0.0003019726136699319,0.0003655824111774564,6.360979750752449e-05,4.307570457458496,5.412446022033691,1.1048755645751953
pythia_1b,167,1,-0.0037420988082885742,-0.011987924575805664,-0.00824582576751709,0.00012433543452061713,0.00033156119752675295,0.00020722576300613582,5.067574977874756,5.40946626663208,0.3418912887573242
pythia_1b,168,1,0.0011756420135498047,-0.0022166967391967773,-0.003392338752746582,0.0002136356197297573,0.00017330312402918935,-4.033249570056796e-05,5.629515171051025,7.291800498962402,1.662285327911377
pythia_1b,169,1,0.0009636878967285156,-0.027368545532226562,-0.028332233428955078,0.0003960439935326576,0.00028936180751770735,-0.00010668218601495028,6.285184383392334,5.535640716552734,-0.7495436668395996
pythia_1b,170,1,-0.0014640092849731445,-0.006673574447631836,-0.005209565162658691,7.069975254125893e-05,0.00021017418475821614,0.0001394744322169572,4.708038330078125,5.099873065948486,0.39183473587036133
pythia_1b,171,1,-0.007929563522338867,0.004873037338256836,0.012802600860595703,0.0016037956811487675,0.0002369503490626812,-0.0013668453320860863,5.7265520095825195,6.757391929626465,1.0308399200439453
pythia_1b,172,1,0.0021463409066200256,8.21426510810852e-07,-0.0021455194801092148,0.00012920747394673526,3.6764231481356546e-07,-0.0001288398316319217,5.9061360359191895,7.046680450439453,1.1405444145202637
pythia_1b,173,1,-0.0008538961410522461,-0.016967177391052246,-0.01611328125,0.000620122067630291,0.000510641373693943,-0.00010948069393634796,4.482514381408691,6.30157995223999,1.8190655708312988
pythia_1b,174,1,6.251037120819092e-06,-0.02143622189760208,-0.0214424729347229,3.229151843697764e-07,0.002541039139032364,0.002540716223847994,5.643682479858398,15.08457088470459,9.440888404846191
pythia_1b,175,1,-0.007299900054931641,-0.08831405639648438,-0.08101415634155273,0.00047203549183905125,0.0011352107394486666,0.0006631752476096153,6.213054656982422,12.123126983642578,5.910072326660156
pythia_1b,177,1,0.002860426902770996,-0.07274484634399414,-0.07560527324676514,0.00034441458410583436,0.0026897359639406204,0.002345321379834786,4.7066802978515625,8.089010238647461,3.3823299407958984
pythia_1b,178,1,-0.01913928985595703,0.018238544464111328,0.03737783432006836,0.00043935561552643776,0.00043039023876190186,-8.965376764535904e-06,4.0528564453125,7.248841762542725,3.1959853172302246
pythia_1b,179,1,0.01811981201171875,-0.027410507202148438,-0.04553031921386719,0.00023131573107093573,0.0006941161118447781,0.00046280038077384233,4.289846420288086,8.96805191040039,4.678205490112305
pythia_1b,180,1,-0.0011047720909118652,0.0019716620445251465,0.0030764341354370117,3.4886004868894815e-05,0.00010637746891006827,7.149146404117346e-05,3.889404296875,5.435165882110596,1.5457615852355957
pythia_1b,181,1,-0.000544130802154541,0.005620419979095459,0.00616455078125,2.303093788214028e-05,0.00015963544137775898,0.0001366045034956187,3.9638946056365967,4.895137786865234,0.9312431812286377
pythia_1b,182,1,-0.0003129690885543823,0.0016928203403949738,0.002005789428949356,1.1405180885049049e-05,6.237928755581379e-05,5.097410667076474e-05,3.848512649536133,7.342950344085693,3.4944376945495605
pythia_1b,183,1,0.0017817020416259766,0.11154389381408691,0.10976219177246094,5.4968229960650206e-05,0.000640547601506114,0.0005855793715454638,5.367058277130127,6.173074722290039,0.8060164451599121
pythia_1b,186,1,-0.04166257381439209,-0.0411226749420166,0.0005398988723754883,0.0006015710532665253,0.0007256949320435524,0.00012412387877702713,6.531495094299316,9.541547775268555,3.0100526809692383
pythia_1b,187,1,7.152557373046875e-06,0.003069639205932617,0.0030624866485595703,4.688528133556247e-05,0.000101689831353724,5.4804550018161535e-05,4.577548980712891,6.276619911193848,1.699070930480957
pythia_1b,188,1,0.000957489013671875,-0.002559661865234375,-0.00351715087890625,0.000125588703667745,0.00020814512390643358,8.255642023868859e-05,3.675102949142456,5.1844964027404785,1.5093934535980225
pythia_1b,189,1,0.03716015815734863,0.061835289001464844,0.02467513084411621,0.0005370262078940868,0.00033328309655189514,-0.0002037431113421917,4.5301289558410645,8.684497833251953,4.154368877410889
pythia_1b,190,1,-0.0006308555603027344,-0.04760575294494629,-0.046974897384643555,0.00015958468429744244,0.00042039481922984123,0.0002608101349323988,5.312458515167236,5.927824974060059,0.6153664588928223
pythia_1b,191,1,0.0062580108642578125,-0.03013134002685547,-0.03638935089111328,0.0002157901180908084,0.0005217227153480053,0.0003059325972571969,4.8231048583984375,5.994729042053223,1.1716241836547852
pythia_1b,193,1,-0.016458749771118164,-0.008524656295776367,0.007934093475341797,0.0009367904276587069,0.00038674066308885813,-0.0005500497645698488,5.215603828430176,9.269784927368164,4.054181098937988
pythia_1b,194,1,0.00013427063822746277,-7.269904017448425e-05,-0.00020696967840194702,7.93643994256854e-06,1.0976749763358384e-05,3.040309820789844e-06,4.201694965362549,6.989684581756592,2.787989616394043
pythia_1b,195,1,-0.001226751133799553,-0.0002443045377731323,0.0009824465960264206,3.906506753992289e-05,1.3700177078135312e-05,-2.536489046178758e-05,4.345512390136719,6.7754740715026855,2.429961681365967
pythia_1b,198,1,-0.005391597747802734,-0.06579017639160156,-0.06039857864379883,0.00024991558166220784,0.0005698590539395809,0.0003199434722773731,6.609397888183594,6.111827850341797,-0.4975700378417969
pythia_1b,199,1,-0.01645040512084961,-0.05360746383666992,-0.03715705871582031,0.0005515576340258121,0.0036250390112400055,0.0030734813772141933,6.654274940490723,12.89639663696289,6.242121696472168
pythia_1b,200,1,-0.010049819946289062,0.03139209747314453,0.041441917419433594,0.00029613901278935373,0.0006716211792081594,0.0003754821664188057,5.407662391662598,11.917500495910645,6.509838104248047
pythia_1b,202,1,-0.004701375961303711,-0.005878925323486328,-0.0011775493621826172,0.00018826118321157992,0.0005698043387383223,0.00038154315552674234,5.0050129890441895,7.939733505249023,2.934720516204834
pythia_1b,203,1,0.045159339904785156,0.045215606689453125,5.626678466796875e-05,0.0017839837819337845,0.0017819851636886597,-1.998618245124817e-06,6.339530944824219,5.542940616607666,-0.7965903282165527
pythia_1b,204,1,-0.0052297115325927734,0.04931759834289551,0.05454730987548828,0.0003405095776543021,0.0004832205595448613,0.0001427109818905592,3.8881442546844482,5.1488261222839355,1.2606818675994873
pythia_1b,206,1,-0.003400444984436035,0.022699475288391113,0.02609992027282715,0.00026699661975726485,0.0012729745358228683,0.0010059779160656035,4.755245208740234,6.950253009796143,2.195007801055908
pythia_1b,207,1,-0.03748643398284912,-0.039366185665130615,-0.0018797516822814941,0.0006403429433703423,0.000558067113161087,-8.227583020925522e-05,3.8280866146087646,4.678095817565918,0.8500092029571533
pythia_1b,208,1,-0.0007137805223464966,0.001590445637702942,0.0023042261600494385,2.5198794901371002e-05,0.0001168254530057311,9.16266581043601e-05,3.6394541263580322,5.62676477432251,1.9873106479644775
pythia_1b,209,1,0.030611038208007812,0.01707172393798828,-0.013539314270019531,0.0005547506734728813,0.00040680496022105217,-0.00014794571325182915,4.040206432342529,5.0468010902404785,1.0065946578979492
pythia_1b,212,1,0.0015780925750732422,0.0013544559478759766,-0.00022363662719726562,4.9723777920007706e-05,9.669057908467948e-05,4.696680116467178e-05,3.9870588779449463,8.076976776123047,4.089917898178101
pythia_1b,213,1,0.016086548566818237,0.00037726759910583496,-0.015709280967712402,0.0005162754096090794,0.0002561690052971244,-0.000260106404311955,8.244755744934082,8.609786033630371,0.36503028869628906
pythia_1b,214,1,-0.016808032989501953,0.00017786026000976562,0.01698589324951172,0.0004397723823785782,0.0003429220523685217,-9.68503300100565e-05,5.248564720153809,5.238369941711426,-0.010194778442382812
pythia_1b,215,1,0.03702354431152344,-0.02984905242919922,-0.06687259674072266,0.0004127004649490118,0.0008850875892676413,0.0004723871243186295,5.058807373046875,10.363428115844727,5.304620742797852
pythia_1b,216,1,-0.003429889678955078,-0.02642202377319336,-0.02299213409423828,9.666860569268465e-05,0.0008638482540845871,0.0007671796483919024,5.151805877685547,6.476924896240234,1.3251190185546875
pythia_1b,217,1,0.005244016647338867,0.006212472915649414,0.0009684562683105469,0.0004298919811844826,0.0004909017588943243,6.100977770984173e-05,3.969111204147339,5.400600433349609,1.4314892292022705
pythia_1b,218,1,0.008808262646198273,0.01901676505804062,0.010208502411842346,0.0004841894842684269,0.0017496859654784203,0.0012654964812099934,7.68284797668457,9.171568870544434,1.4887208938598633
pythia_1b,219,1,0.0014195442199707031,-0.0032744407653808594,-0.0046939849853515625,0.0003301386022940278,0.00034775404492393136,1.7615442629903555e-05,4.1402058601379395,5.723599910736084,1.5833940505981445
pythia_1b,220,1,-0.0016378462314605713,-0.03999391198158264,-0.03835606575012207,0.00011560390703380108,0.0019299760460853577,0.0018143721390515566,5.252377986907959,6.016453742980957,0.764075756072998
pythia_1b,221,1,0.00935983657836914,-0.00011514872312545776,-0.009474985301494598,0.0005294622387737036,2.3027336283121258e-05,-0.0005064349024905823,5.708372116088867,8.212924003601074,2.504551887512207
pythia_1b,222,1,0.023835599422454834,-0.018344104290008545,-0.04217970371246338,0.0006740838289260864,0.0006807688623666763,6.685033440589905e-06,7.870345592498779,9.582606315612793,1.7122607231140137
pythia_1b,223,1,0.0012433528900146484,-0.0007367134094238281,-0.0019800662994384766,6.427132757380605e-05,9.909132495522499e-05,3.4819997381418943e-05,4.313772201538086,6.403973579406738,2.0902013778686523
pythia_1b,224,1,0.011903941631317139,0.00930054485797882,-0.002603396773338318,0.00036607682704925537,0.0003150869160890579,-5.098991096019745e-05,5.428890705108643,7.395338535308838,1.9664478302001953
pythia_1b,225,1,-0.0066002607345581055,-0.022812485694885254,-0.01621222496032715,0.00044476427137851715,0.0006601634086109698,0.00021539913723245263,5.188143253326416,14.848104476928711,9.659961223602295
pythia_1b,226,1,-0.03515911102294922,0.0042400360107421875,0.039399147033691406,0.0001810891553759575,0.0002974611707031727,0.0001163720153272152,3.827972888946533,6.9527106285095215,3.1247377395629883
pythia_1b,227,1,-0.005463600158691406,-0.007799625396728516,-0.0023360252380371094,0.00018946304044220597,0.0002172091044485569,2.7746064006350935e-05,4.356563568115234,4.601489543914795,0.24492597579956055
pythia_1b,228,1,0.0012335777282714844,0.0019254684448242188,0.0006918907165527344,0.00031873397529125214,0.00034800602588802576,2.9272050596773624e-05,6.563938617706299,7.126892566680908,0.5629539489746094
pythia_1b,229,1,-2.5334767997264862e-05,4.190672188997269e-05,6.724148988723755e-05,5.0826038204832e-06,7.588183507323265e-06,2.505579686840065e-06,6.031032562255859,10.636443138122559,4.605410575866699
pythia_1b,230,1,-3.0994415283203125e-05,0.002081751823425293,0.002112746238708496,8.739635813981295e-05,8.894968777894974e-05,1.5533296391367912e-06,4.516750335693359,5.418806552886963,0.9020562171936035
pythia_1b,231,1,0.04765629768371582,0.04824399948120117,0.0005877017974853516,0.0006272282917052507,0.0009398702532052994,0.00031264196150004864,3.821704387664795,6.267704010009766,2.4459996223449707
pythia_1b,232,1,0.004261970520019531,0.012199878692626953,0.007937908172607422,0.0002020350657403469,0.0009273132309317589,0.000725278165191412,5.8438591957092285,13.857708930969238,8.01384973526001
pythia_1b,233,1,0.0007420480251312256,-0.002862021327018738,-0.0036040693521499634,5.2052870159968734e-05,0.0001054068561643362,5.335398600436747e-05,4.761829376220703,6.292629718780518,1.5308003425598145
pythia_1b,234,1,0.000758051872253418,-0.00028458237648010254,-0.0010426342487335205,4.843719943892211e-05,8.402141975238919e-05,3.5584220313467085e-05,5.149464130401611,5.879604816436768,0.7301406860351562
pythia_1b,237,1,1.0710209608078003e-06,-1.4042481780052185e-05,-1.5113502740859985e-05,9.218060768034775e-07,1.8396881387161557e-06,9.178820619126782e-07,6.226816654205322,7.948513507843018,1.7216968536376953
pythia_1b,238,1,0.0034241676330566406,0.0008716583251953125,-0.002552509307861328,0.00024530384689569473,0.0003381274873390794,9.282364044338465e-05,5.279350280761719,6.322535514831543,1.0431852340698242
pythia_1b,239,1,-0.009646892547607422,0.008913993835449219,0.01856088638305664,0.0003436637343838811,0.0010046965908259153,0.0006610328564420342,3.6750309467315674,6.496868133544922,2.8218371868133545
pythia_1b,240,1,-1.1436815839260817e-05,6.730767199769616e-05,7.874448783695698e-05,7.968305908434559e-07,4.11768996855244e-06,3.3208593777089845e-06,7.129644870758057,7.524046897888184,0.39440202713012695
pythia_1b,241,1,0.0005537271499633789,0.0034101009368896484,0.0028563737869262695,0.00018195921438746154,0.00020581897115334868,2.385975676588714e-05,6.263029098510742,8.416524887084961,2.1534957885742188
pythia_1b,243,1,-0.0028680115938186646,-0.002001747488975525,0.0008662641048431396,9.561859769746661e-05,6.763452256564051e-05,-2.7984075131826103e-05,5.183923721313477,4.906434535980225,-0.27748918533325195
pythia_1b,244,1,0.0037657618522644043,0.00857575610280037,0.004809994250535965,0.00023943628184497356,0.0009756325744092464,0.0007361962925642729,16.510385513305664,16.418724060058594,-0.09166145324707031
pythia_1b,245,1,0.057306766510009766,-0.0014891624450683594,-0.058795928955078125,0.0004716683179140091,0.00016897486057132483,-0.00030269345734268427,7.1854705810546875,4.201903820037842,-2.9835667610168457
pythia_1b,246,1,0.03178286552429199,0.0026869773864746094,-0.029095888137817383,0.0005093645304441452,0.0001467988477088511,-0.0003625656827352941,5.785911560058594,7.756832599639893,1.9709210395812988
pythia_1b,247,1,-0.007742404937744141,0.040613651275634766,0.048356056213378906,0.00025438296142965555,0.0004611341282725334,0.00020675116684287786,4.89749813079834,7.658907413482666,2.761409282684326
pythia_1b,249,1,-0.03473818302154541,-0.018398523330688477,0.016339659690856934,0.0005528456531465054,0.00044846138916909695,-0.00010438426397740841,4.784825325012207,6.3594136238098145,1.5745882987976074
pythia_1b,250,1,0.011590003967285156,0.010781288146972656,-0.0008087158203125,0.00018925222684629261,0.00027790950844064355,8.865728159435093e-05,4.475104331970215,5.287420749664307,0.8123164176940918
pythia_1b,251,1,-0.022237300872802734,0.01754903793334961,0.039786338806152344,0.0004591697361320257,0.00033281976357102394,-0.00012634997256100178,5.175079345703125,6.280537128448486,1.1054577827453613
pythia_1b,252,1,-0.0570063591003418,0.007358551025390625,0.06436491012573242,0.0004157449584454298,0.0004567012656480074,4.095630720257759e-05,5.493470191955566,5.942327499389648,0.44885730743408203
pythia_1b,253,1,0.030496597290039062,0.032706260681152344,0.0022096633911132812,5.859712837263942e-05,7.173605263233185e-05,1.313892425969243e-05,5.206080436706543,4.903873443603516,-0.30220699310302734
pythia_1b,254,1,-0.0009773969650268555,-0.0003781318664550781,0.0005992650985717773,3.488443326205015e-05,8.960888953879476e-05,5.4724456276744604e-05,4.196045398712158,6.791579723358154,2.595534324645996
pythia_1b,255,1,-0.007402300834655762,0.003046274185180664,0.010448575019836426,0.00044544367119669914,0.0002133515663444996,-0.00023209210485219955,4.484864711761475,6.176758766174316,1.6918940544128418
pythia_1b,257,1,-0.005211353302001953,0.00042819976806640625,0.005639553070068359,0.00025533000007271767,0.000230214383918792,-2.5115616153925657e-05,5.462772846221924,6.143125534057617,0.6803526878356934
pythia_1b,258,1,-0.048850059509277344,0.07439613342285156,0.1232461929321289,0.0012878929264843464,0.002342919120565057,0.0010550261940807104,9.434070587158203,17.83051872253418,8.396448135375977
pythia_1b,259,1,0.003030732274055481,0.0036978870630264282,0.0006671547889709473,0.00017705242498777807,0.00020483514526858926,2.778272028081119e-05,6.037904739379883,8.598773956298828,2.5608692169189453
pythia_1b,260,1,0.0012559890747070312,0.05466771125793457,0.05341172218322754,5.270479596219957e-05,0.0005244668573141098,0.00047176206135191023,5.464513301849365,7.526341438293457,2.061828136444092
pythia_1b,261,1,-0.06333112716674805,-0.011840343475341797,0.05149078369140625,0.0007924716919660568,0.0005212640389800072,-0.00027120765298604965,5.564822673797607,4.894746780395508,-0.6700758934020996
pythia_1b,262,1,0.00022855959832668304,-0.003046715632081032,-0.003275275230407715,1.402201087330468e-05,0.00018982705660164356,0.00017580504572833888,6.954172611236572,8.61474323272705,1.6605706214904785
pythia_1b,263,1,-0.0027375221252441406,0.0031027793884277344,0.005840301513671875,0.00011291587725281715,0.00018272583838552237,6.980996113270521e-05,4.593861103057861,11.537895202636719,6.944034099578857
pythia_1b,264,1,0.0016431808471679688,0.04522371292114258,0.04358053207397461,0.000709757674485445,0.0015765829011797905,0.0008668252266943455,8.6112699508667,18.27204704284668,9.66077709197998
pythia_1b,265,1,-0.010100841522216797,9.822845458984375e-05,0.01019906997680664,0.0006454023532569408,0.0004016511084046215,-0.00024375124485231936,4.506838798522949,5.111832141876221,0.6049933433532715
pythia_1b,266,1,-0.001068115234375,-0.02241992950439453,-0.02135181427001953,9.35037387534976e-05,0.00055312504991889,0.0004596213111653924,5.0897908210754395,4.6514763832092285,-0.43831443786621094
pythia_1b,267,1,0.02241230010986328,0.012696266174316406,-0.009716033935546875,0.000500757247209549,0.0004410305991768837,-5.972664803266525e-05,4.951219081878662,8.054498672485352,3.1032795906066895
pythia_1b,268,1,-0.0022220611572265625,0.0006022453308105469,0.0028243064880371094,0.00016524610691703856,0.00023924052948132157,7.399442256428301e-05,3.969954013824463,5.6314544677734375,1.6615004539489746
pythia_1b,270,1,-0.012665748596191406,0.037811279296875,0.050477027893066406,0.00031824340112507343,0.0005267634987831116,0.00020852009765803814,6.892587184906006,6.188417911529541,-0.7041692733764648
pythia_1b,271,1,-0.0054555535316467285,-0.0018840134143829346,0.003571540117263794,0.0001596640795469284,7.228681351989508e-05,-8.737726602703333e-05,7.888214588165283,9.600358963012695,1.712144374847412
pythia_1b,272,1,-0.06191420555114746,-0.06138443946838379,0.0005297660827636719,0.0008563443552702665,0.0008291061967611313,-2.7238158509135246e-05,4.192365646362305,5.267592430114746,1.0752267837524414
pythia_1b,273,1,0.012612685561180115,0.012202583253383636,-0.00041010230779647827,0.0007307026535272598,0.0006867097690701485,-4.399288445711136e-05,6.993227481842041,9.373641967773438,2.3804144859313965
pythia_1b,274,1,-0.0056896209716796875,-0.03199005126953125,-0.026300430297851562,0.0002785904798656702,0.0011460091918706894,0.0008674187120050192,6.095099925994873,14.302680015563965,8.207580089569092
pythia_1b,275,1,0.03623223304748535,-0.0029554367065429688,-0.03918766975402832,0.0018893778324127197,0.00013656949158757925,-0.0017528083408251405,3.8726768493652344,5.179510116577148,1.306833267211914
pythia_1b,276,1,-0.014575600624084473,-0.01981794834136963,-0.005242347717285156,0.0005718694301322103,0.00047237396938726306,-9.94954607449472e-05,5.31483268737793,12.986747741699219,7.671915054321289
pythia_1b,277,1,0.03361403942108154,0.018647432327270508,-0.014966607093811035,0.000532445264980197,0.000442119431681931,-9.032583329826593e-05,3.7892520427703857,5.3955254554748535,1.6062734127044678
pythia_1b,278,1,0.000492095947265625,-0.0019271373748779297,-0.0024192333221435547,0.00011567457113415003,0.0002182912576245144,0.00010261668649036437,5.0864667892456055,9.205238342285156,4.118771553039551
pythia_1b,279,1,-0.0011539459228515625,-0.02130889892578125,-0.020154953002929688,0.0009935437701642513,0.00038151349872350693,-0.0006120302714407444,7.433683395385742,6.958294868469238,-0.4753885269165039
pythia_1b,280,1,0.00038361549377441406,-0.002038717269897461,-0.002422332763671875,3.6100980651099235e-05,0.00012499216245487332,8.889118180377409e-05,4.822747707366943,6.465936183929443,1.6431884765625
pythia_1b,281,1,0.0001729726791381836,0.0029401779174804688,0.002767205238342285,4.0072365663945675e-05,8.863699622452259e-05,4.8564630560576916e-05,5.673389434814453,5.417889595031738,-0.25549983978271484
pythia_1b,283,1,-0.0015496909618377686,0.005211770534515381,0.006761461496353149,0.00018661830108612776,0.00019699987024068832,1.0381569154560566e-05,6.308483600616455,7.166533946990967,0.8580503463745117
pythia_1b,284,1,-0.03241688013076782,0.0013301372528076172,0.03374701738357544,0.0010491511784493923,0.00018487789202481508,-0.0008642732864245772,4.51406717300415,6.338403224945068,1.824336051940918
pythia_1b,285,1,-0.03921318054199219,0.006255209445953369,0.04546838998794556,0.0017275894060730934,0.0002956006210297346,-0.0014319887850433588,5.433266639709473,9.140551567077637,3.707284927368164
pythia_1b,288,1,-0.006189227104187012,-0.005359768867492676,0.0008294582366943359,0.00040026986971497536,0.0004103700630366802,1.0100193321704865e-05,5.375650405883789,6.603774547576904,1.2281241416931152
pythia_1b,289,1,0.0007369518280029297,-0.0007823705673217773,-0.001519322395324707,7.153785554692149e-05,9.445958130527288e-05,2.2921725758351386e-05,4.4942193031311035,5.019349098205566,0.5251297950744629
pythia_1b,290,1,0.1798391342163086,0.061060428619384766,-0.11877870559692383,0.00048151309601962566,6.622428190894425e-05,-0.0004152888141106814,7.730579853057861,8.71688461303711,0.986304759979248
pythia_1b,291,1,-0.00023015402257442474,-0.0004401765763759613,-0.00021002255380153656,1.1535636076587252e-05,2.301413769600913e-05,1.1478501619421877e-05,4.982478618621826,7.970707893371582,2.988229274749756
pythia_1b,292,1,-0.03297150135040283,-0.03600037097930908,-0.00302886962890625,0.000590362586081028,0.0006920825690031052,0.00010171998292207718,6.749162197113037,9.717418670654297,2.9682564735412598
pythia_1b,293,1,0.0007312297821044922,0.001222372055053711,0.0004911422729492188,8.985720342025161e-05,9.326517465524375e-05,3.4079712349921465e-06,6.042211055755615,7.766369342803955,1.7241582870483398
pythia_1b,294,1,0.002013683319091797,0.04893779754638672,0.04692411422729492,0.00016420392785221338,0.0003471989184617996,0.00018299499060958624,5.209993839263916,6.7051825523376465,1.4951887130737305
pythia_1b,295,1,-0.0015511512756347656,-0.015946388244628906,-0.01439523696899414,0.00015966303180903196,0.00047170091420412064,0.00031203788239508867,4.971756935119629,6.628981590270996,1.6572246551513672
pythia_1b,296,1,-0.00045484863221645355,-0.0009657200425863266,-0.000510871410369873,1.5552806871710345e-05,3.827075124718249e-05,2.2717944375472143e-05,5.943850517272949,10.010956764221191,4.067106246948242
pythia_1b,297,1,0.0019940733909606934,0.013676822185516357,0.011682748794555664,8.35378305055201e-05,0.0003382791765034199,0.00025474134599789977,5.841392993927002,9.504307746887207,3.662914752960205
pythia_1b,298,1,0.11868143081665039,0.1221475601196289,0.0034661293029785156,0.0003314849454909563,0.0005239201709628105,0.0001924352254718542,5.20971155166626,9.193291664123535,3.9835801124572754
pythia_1b,299,1,4.5299530029296875e-05,-0.09393107891082764,-0.09397637844085693,3.603445293265395e-06,0.0014278749004006386,0.0014242714551073732,4.46084451675415,10.154526710510254,5.6936821937561035
pythia_1b,300,1,-0.01820683479309082,-0.030043840408325195,-0.011837005615234375,0.0004062142688781023,0.0005006794817745686,9.446521289646626e-05,4.89031457901001,9.174044609069824,4.2837300300598145
pythia_1b,301,1,-0.0005820542573928833,-0.002246357500553131,-0.0016643032431602478,1.827523738029413e-05,0.00012447492917999625,0.00010619969179970212,4.837339878082275,11.181600570678711,6.3442606925964355
pythia_1b,302,1,0.0007107853889465332,-0.002417534589767456,-0.0031283199787139893,2.8103822842240334e-05,9.401445277035236e-05,6.591062992811203e-05,5.617571830749512,7.9201860427856445,2.302614212036133
pythia_1b,305,1,0.0019207298755645752,-0.0047021061182022095,-0.006622835993766785,0.0007884642109274864,0.0010530832223594189,0.00026461901143193245,14.737768173217773,19.43659210205078,4.698823928833008
pythia_1b,306,1,0.0022525787353515625,0.013377189636230469,0.011124610900878906,0.0005790567956864834,0.001202622428536415,0.0006235656328499317,7.568699836730957,10.145950317382812,2.5772504806518555
pythia_1b,307,1,0.006753683090209961,0.006735086441040039,-1.8596649169921875e-05,0.00016941543435677886,0.00024266366381198168,7.324822945520282e-05,3.547922134399414,5.030362606048584,1.48244047164917
pythia_1b,308,1,-0.0020537376403808594,0.05317568778991699,0.05522942543029785,8.780730422586203e-05,0.0004249810881447047,0.0003371737839188427,5.295593738555908,8.632957458496094,3.3373637199401855
pythia_1b,309,1,0.00018659047782421112,0.0020449263975024223,0.0018583359196782112,1.3556564226746559e-05,0.00023872184101492167,0.0002251652767881751,10.370058059692383,21.797252655029297,11.427194595336914
pythia_1b,311,1,-0.05162930488586426,-0.013276815414428711,0.03835248947143555,0.0004636119119822979,0.00042176293209195137,-4.184897989034653e-05,7.182343482971191,7.011527061462402,-0.17081642150878906
pythia_1b,312,1,4.5418739318847656e-05,-0.001901388168334961,-0.0019468069076538086,7.819195161573589e-05,6.542936898767948e-05,-1.2762582628056407e-05,5.384629726409912,4.795192718505859,-0.5894370079040527
pythia_1b,313,1,-0.006285667419433594,0.059612274169921875,0.06589794158935547,0.00034762127324938774,0.00013100411160849035,-0.0002166171616408974,4.9752421379089355,6.35366678237915,1.3784246444702148
pythia_1b,314,1,0.05912160873413086,0.05924797058105469,0.00012636184692382812,0.0003880411386489868,0.0015623909421265125,0.0011743498034775257,6.854045391082764,13.442770957946777,6.588725566864014
pythia_1b,315,1,-0.000579833984375,0.006235599517822266,0.006815433502197266,7.784730405546725e-05,0.00023291585966944695,0.0001550685556139797,5.377058982849121,6.054471492767334,0.6774125099182129
pythia_1b,316,1,-0.003803730010986328,-0.0005335807800292969,0.0032701492309570312,0.00023605619207955897,0.0005138919223099947,0.00027783573023043573,4.8223876953125,6.995447635650635,2.1730599403381348
pythia_1b,317,1,-0.006747245788574219,-0.007647514343261719,-0.0009002685546875,0.00017877505160868168,0.00026998750399798155,9.121245238929987e-05,4.347616672515869,5.976388931274414,1.628772258758545
pythia_1b,318,1,-0.0011925697326660156,0.058184146881103516,0.05937671661376953,6.963766645640135e-05,0.00019736215472221375,0.0001277244882658124,5.492297172546387,5.3705034255981445,-0.12179374694824219
pythia_1b,319,1,-0.06456470489501953,-0.06707000732421875,-0.0025053024291992188,0.000727576669305563,0.0006994479335844517,-2.8128735721111298e-05,8.397335052490234,10.331136703491211,1.9338016510009766
llama3_2_3b,1,1,0.0034416913986206055,0.01400110125541687,0.010559409856796265,0.0003876248374581337,0.0006504710763692856,0.0002628462389111519,9.117622375488281,9.927352905273438,0.8097305297851562
llama3_2_3b,5,1,0.0028526782989501953,0.011086225509643555,0.00823354721069336,0.000106081846752204,0.00028322008438408375,0.00017713823763187975,7.885566711425781,7.3196187019348145,-0.5659480094909668
llama3_2_3b,7,1,0.009990692138671875,0.04744219779968262,0.03745150566101074,0.00031396979466080666,0.0003578056348487735,4.3835840187966824e-05,5.61137056350708,6.580775737762451,0.9694051742553711
llama3_2_3b,9,1,-0.05973100662231445,-0.016740798950195312,0.04299020767211914,0.00045868789311498404,0.0005392634775489569,8.057558443397284e-05,9.550445556640625,8.049870491027832,-1.500575065612793
llama3_2_3b,14,1,-0.05922269821166992,-0.06433343887329102,-0.005110740661621094,0.00019081076607108116,0.00013760951696895063,-5.320124910213053e-05,9.827398300170898,10.437054634094238,0.6096563339233398
llama3_2_3b,19,1,2.7352944016456604e-06,2.7352944016456604e-06,0.0,3.342560148666962e-07,3.543892717061681e-07,2.013325683947187e-08,7.242433547973633,9.573105812072754,2.330672264099121
llama3_2_3b,32,1,-7.383059710264206e-06,-8.859997615218163e-05,-8.121691644191742e-05,7.340956926782383e-07,5.125373718328774e-06,4.391278025650536e-06,4.992519855499268,6.380227565765381,1.3877077102661133
llama3_2_3b,37,1,-0.0010536238551139832,-0.0002704113721847534,0.0007832124829292297,5.936893285252154e-05,1.8443417502567172e-05,-4.092551534995437e-05,15.247063636779785,13.65832233428955,-1.5887413024902344
llama3_2_3b,40,1,0.0031830966472625732,0.04004824161529541,0.03686514496803284,0.0001294710673391819,0.0016058874316513538,0.001476416364312172,10.442381858825684,10.506599426269531,0.06421756744384766
llama3_2_3b,47,1,0.0016493797302246094,-0.002470731735229492,-0.0041201114654541016,6.131711415946484e-05,8.621241431683302e-05,2.4895300157368183e-05,7.716170310974121,22.87787437438965,15.161704063415527
llama3_2_3b,55,1,-3.5871315049007535e-05,-3.956578439101577e-05,-3.694469342008233e-06,2.221566319349222e-06,2.881253749364987e-06,6.596874300157651e-07,6.7435526847839355,9.007936477661133,2.2643837928771973
llama3_2_3b,56,1,0.0454481840133667,0.04526859521865845,-0.00017958879470825195,0.0017384460661560297,0.0017267705406993628,-1.1675525456666946e-05,8.05911922454834,7.543978214263916,-0.5151410102844238
llama3_2_3b,59,1,0.0005571842193603516,0.012602090835571289,0.012044906616210938,1.8033068045042455e-05,0.000705731101334095,0.0006876980332890525,7.6512861251831055,6.971020698547363,-0.6802654266357422
llama3_2_3b,72,1,-0.0007152557373046875,-0.0015206336975097656,-0.0008053779602050781,0.00024418224347755313,0.00019984215032309294,-4.434009315446019e-05,6.413607120513916,7.916614055633545,1.503006935119629
llama3_2_3b,80,1,-6.414949893951416e-05,-0.008629009127616882,-0.008564859628677368,5.422224603535142e-06,0.0005117172840982676,0.0005062950594947324,7.370865821838379,11.697486877441406,4.326621055603027
llama3_2_3b,81,1,0.06534385681152344,0.0020542144775390625,-0.06328964233398438,0.00015383015852421522,0.00023856741609051824,8.473725756630301e-05,6.063689708709717,6.656417369842529,0.5927276611328125
llama3_2_3b,82,1,-0.015789270401000977,-0.02244114875793457,-0.006651878356933594,0.0003576113376766443,0.00043215788900852203,7.454655133187771e-05,15.874971389770508,13.71476936340332,-2.1602020263671875
llama3_2_3b,88,1,0.01046764850616455,0.05984842777252197,0.04938077926635742,0.00027712417067959905,0.001126292161643505,0.000849167990963906,15.370735168457031,13.322851181030273,-2.047883987426758
llama3_2_3b,90,1,-0.015807390213012695,-0.03584098815917969,-0.020033597946166992,0.0007599648088216782,0.0010832436382770538,0.00032327882945537567,6.866138458251953,8.358630180358887,1.4924917221069336
llama3_2_3b,95,1,0.004529595375061035,-0.0005060434341430664,-0.0050356388092041016,0.0002665087522473186,0.00018551148241385818,-8.099726983346045e-05,6.736081123352051,8.148250579833984,1.4121694564819336
llama3_2_3b,106,1,-0.027913570404052734,0.003615856170654297,0.03152942657470703,0.0011574325617402792,0.0002485928125679493,-0.0009088397491723299,9.967329025268555,8.464341163635254,-1.5029878616333008
llama3_2_3b,111,1,-0.0002186894416809082,-0.002194702625274658,-0.00197601318359375,1.6325415344908834e-05,0.00023860670626163483,0.000222281290916726,5.335662841796875,5.624509334564209,0.288846492767334
llama3_2_3b,113,1,-5.433708429336548e-05,0.000828128308057785,0.0008824653923511505,7.260700840561185e-06,5.577700358116999e-05,4.851630274060881e-05,7.742677211761475,7.270236968994141,-0.472440242767334
llama3_2_3b,125,1,-0.039421677589416504,-0.03856980800628662,0.0008518695831298828,0.0020032301545143127,0.002072511240839958,6.928108632564545e-05,6.155541896820068,6.3474626541137695,0.19192075729370117
llama3_2_3b,127,1,0.054625511169433594,0.04383134841918945,-0.01079416275024414,0.0018336405046284199,0.0024708746932446957,0.0006372341886162758,6.762543678283691,8.293797492980957,1.5312538146972656
llama3_2_3b,133,1,0.0007764101028442383,0.0021202564239501953,0.001343846321105957,5.597079871222377e-05,9.91803826764226e-05,4.320958396419883e-05,7.300294876098633,8.046244621276855,0.7459497451782227
llama3_2_3b,142,1,0.09907293319702148,-0.0029287338256835938,-0.10200166702270508,0.0022590234875679016,0.00022291915956884623,-0.0020361043279990554,6.558544158935547,5.690682888031006,-0.867861270904541
llama3_2_3b,143,1,-0.01176142692565918,0.01508474349975586,0.02684617042541504,0.0003893186803907156,0.0003466331399977207,-4.268554039299488e-05,18.237701416015625,12.573777198791504,-5.663924217224121
llama3_2_3b,144,1,0.0008249282836914062,0.04152679443359375,0.040701866149902344,0.000587299931794405,0.0007130524609237909,0.00012575252912938595,10.551541328430176,12.729637145996094,2.178095817565918
llama3_2_3b,153,1,-3.548339009284973e-07,-0.0007964354008436203,-0.0007960805669426918,3.2401726457464974e-07,5.082000279799104e-05,5.049598553341639e-05,5.771923065185547,5.291954517364502,-0.4799685478210449
llama3_2_3b,158,1,0.0007786154747009277,0.0035367608070373535,0.0027581453323364258,6.621662032557651e-05,0.00025093648582696915,0.00018471986550139263,8.437049865722656,11.060845375061035,2.623795509338379
llama3_2_3b,159,1,0.0021370425820350647,0.001215912401676178,-0.0009211301803588867,0.00010286562610417604,8.043437264859676e-05,-2.243125345557928e-05,8.122221946716309,7.009527683258057,-1.112694263458252
llama3_2_3b,161,1,0.001590728759765625,-0.1442279815673828,-0.14581871032714844,0.0007559519726783037,0.0033348258584737778,0.002578873885795474,9.936052322387695,28.902408599853516,18.96635627746582
llama3_2_3b,169,1,-0.00389862060546875,-0.012476921081542969,-0.008578300476074219,0.0006079301238059998,0.0003377224784344435,-0.0002702076453715563,7.175422191619873,9.72860050201416,2.553178310394287
llama3_2_3b,191,1,-0.02412623167037964,-0.02426910400390625,-0.00014287233352661133,0.0012399567058309913,0.0012398441322147846,-1.1257361620664597e-07,5.916729927062988,6.59586238861084,0.6791324615478516
llama3_2_3b,203,1,0.033458590507507324,-0.10409057140350342,-0.13754916191101074,0.001453290693461895,0.001127446535974741,-0.000325844157487154,6.916345596313477,8.228833198547363,1.3124876022338867
llama3_2_3b,213,1,-0.017119288444519043,0.0028481483459472656,0.01996743679046631,0.0012310887686908245,0.0002624745247885585,-0.000968614243902266,10.02453327178955,7.792713165283203,-2.2318201065063477
llama3_2_3b,218,1,-0.00044536590576171875,0.0001251697540283203,0.0005705356597900391,2.6475463528186083e-05,6.949874659767374e-06,-1.952558886841871e-05,6.051276683807373,7.584395885467529,1.5331192016601562
llama3_2_3b,222,1,-0.0010836124420166016,-0.00011789798736572266,0.0009657144546508789,5.660377792082727e-05,3.0594328563893214e-05,-2.6009449356934056e-05,7.1194167137146,5.710382461547852,-1.409034252166748
llama3_2_3b,223,1,0.003266453742980957,-1.0132789611816406e-05,-0.0032765865325927734,0.00024767033755779266,0.00011451623868197203,-0.00013315409887582064,5.609771251678467,7.0811767578125,1.4714055061340332
llama3_2_3b,226,1,0.026198387145996094,-0.026094913482666016,-0.05229330062866211,0.0004744423786178231,0.0004720494616776705,-2.392916940152645e-06,8.790506362915039,9.675622940063477,0.8851165771484375
llama3_2_3b,228,1,-0.013063639402389526,-0.007815122604370117,0.005248516798019409,0.0006352609489113092,0.0004257670370861888,-0.00020949391182512045,10.366427421569824,14.79715347290039,4.430726051330566
llama3_2_3b,231,1,0.04589974880218506,0.011814355850219727,-0.03408539295196533,0.0005128458142280579,0.0003103376366198063,-0.00020250817760825157,5.661539077758789,7.574310779571533,1.9127717018127441
llama3_2_3b,233,1,-0.0020223259925842285,-0.00236588716506958,-0.00034356117248535156,0.00012366994633339345,0.0001531119050923735,2.9441958758980036e-05,5.061953067779541,6.489857196807861,1.4279041290283203
llama3_2_3b,236,1,0.002606809139251709,-0.005509495735168457,-0.008116304874420166,0.0001422701170668006,0.0006230280268937349,0.00048075790982693434,10.324862480163574,9.132400512695312,-1.1924619674682617
llama3_2_3b,239,1,0.0007588863372802734,-0.09015750885009766,-0.09091639518737793,8.160644210875034e-05,0.0015665506944060326,0.0014849442522972822,6.829901695251465,5.968393802642822,-0.8615078926086426
llama3_2_3b,241,1,0.0003451406955718994,0.00023349374532699585,-0.00011164695024490356,3.955897409468889e-05,3.25286528095603e-05,-7.0303212851285934e-06,6.882378578186035,7.136823654174805,0.25444507598876953
llama3_2_3b,242,1,0.09277737140655518,0.09621763229370117,0.003440260887145996,0.0014821439981460571,0.0013736654072999954,-0.0001084785908460617,17.33245277404785,18.219011306762695,0.8865585327148438
llama3_2_3b,245,1,-0.026336669921875,-0.06475639343261719,-0.03841972351074219,0.001035704743117094,0.0005732360295951366,-0.0004624687135219574,11.914645195007324,11.56584358215332,-0.3488016128540039
llama3_2_3b,246,1,0.0027785003185272217,0.0010423362255096436,-0.0017361640930175781,8.507611346431077e-05,7.254391675814986e-05,-1.2532196706160903e-05,8.481359481811523,8.855914115905762,0.3745546340942383
llama3_2_3b,250,1,-0.0001349112717434764,-1.166854053735733e-05,0.00012324273120611906,8.504415745846927e-06,5.122992661199532e-07,-7.992116479726974e-06,10.602269172668457,11.888602256774902,1.2863330841064453
llama3_2_3b,251,1,-0.0006102323532104492,-0.008754611015319824,-0.008144378662109375,2.4539418518543243e-05,0.00049959821626544,0.00047505879774689674,7.57751989364624,11.68482780456543,4.1073079109191895
llama3_2_3b,267,1,-0.0015527009963989258,0.00021636486053466797,0.0017690658569335938,0.00010894620936596766,1.463318767491728e-05,-9.431302169105038e-05,5.596683025360107,5.792882919311523,0.19619989395141602
llama3_2_3b,276,1,0.0023658201098442078,0.0020013749599456787,-0.00036444514989852905,0.00010404242493677884,0.0001146596041508019,1.0617179214023054e-05,8.364302635192871,8.501017570495605,0.13671493530273438
llama3_2_3b,277,1,-0.002052515745162964,-0.002529352903366089,-0.000476837158203125,6.768928142264485e-05,8.017825894057751e-05,1.2488977517932653e-05,6.900137901306152,8.411273956298828,1.5111360549926758
llama3_2_3b,281,1,0.001022934913635254,-0.0077141523361206055,-0.00873708724975586,7.069925777614117e-05,0.0002412949688732624,0.00017059571109712124,7.779122352600098,8.412026405334473,0.632904052734375
llama3_2_3b,282,1,0.0007729530334472656,-0.003344416618347168,-0.004117369651794434,4.230206832289696e-05,0.00012878025881946087,8.647819049656391e-05,9.056836128234863,6.6267290115356445,-2.4301071166992188
llama3_2_3b,283,1,0.03092503547668457,-0.0015211105346679688,-0.03244614601135254,0.0014492599293589592,0.00010642712004482746,-0.0013428328093141317,6.878078460693359,8.068652153015137,1.1905736923217773
llama3_2_3b,288,1,-0.009613037109375,-0.008829116821289062,0.0007839202880859375,0.000258309009950608,0.00023784948280081153,-2.0459527149796486e-05,5.897542953491211,7.6972856521606445,1.7997426986694336
llama3_2_3b,289,1,-7.109344005584717e-05,-0.00017854571342468262,-0.00010745227336883545,8.023558621061966e-06,1.0228301107417792e-05,2.2047424863558263e-06,8.211603164672852,8.683819770812988,0.4722166061401367
llama3_2_3b,295,1,0.020870089530944824,-0.0006166696548461914,-0.021486759185791016,0.001052781823091209,3.301497781649232e-05,-0.0010197668452747166,6.6895952224731445,8.74059772491455,2.0510025024414062
llama3_2_3b,299,1,0.027890682220458984,0.09870254993438721,0.07081186771392822,0.001336369663476944,0.0016475385054945946,0.0003111688420176506,8.142914772033691,7.1052775382995605,-1.0376372337341309
llama3_2_3b,302,1,-0.0022564828395843506,-0.0013342350721359253,0.0009222477674484253,0.00013491837307810783,0.00013752782251685858,2.609449438750744e-06,6.491033554077148,8.345647811889648,1.8546142578125
llama3_2_3b,306,1,-0.004136800765991211,-0.004248619079589844,-0.00011181831359863281,0.0001839007600210607,0.00020203518215566874,1.813442213460803e-05,7.657623767852783,7.051844596862793,-0.6057791709899902
llama3_2_3b,308,1,7.978756912052631e-06,3.69164627045393e-06,-4.2871106415987015e-06,2.0430070435395464e-07,1.8305183857592056e-07,-2.1248865778034087e-08,7.141793251037598,6.320930004119873,-0.8208632469177246
llama3_2_3b,315,1,-0.09042775630950928,-0.009834647178649902,0.08059310913085938,0.0023774616420269012,0.0005196540150791407,-0.0018578076269477606,7.822411060333252,14.615011215209961,6.792600154876709
llama3_2_3b,318,1,5.954061634838581e-06,2.5363871827721596e-05,1.9409810192883015e-05,4.466483005671762e-07,1.858175437519094e-06,1.4115271369519178e-06,13.670866012573242,14.783888816833496,1.113022804260254
llama3_2_3b,321,1,2.3856759071350098e-05,-0.00830434262752533,-0.00832819938659668,5.780639185104519e-07,0.0005036829970777035,0.000503104933159193,5.169566631317139,6.902251243591309,1.73268461227417
llama3_2_3b,323,1,-0.0106048583984375,0.022436141967773438,0.03304100036621094,0.0002731860149651766,0.00032883440144360065,5.564838647842407e-05,8.521069526672363,9.026598930358887,0.5055294036865234
llama3_2_3b,328,1,0.013440430164337158,0.014649033546447754,0.0012086033821105957,0.0007403416093438864,0.0007989481091499329,5.8606499806046486e-05,6.799473762512207,8.028371810913086,1.228898048400879
llama3_2_3b,336,1,0.002623319625854492,0.00011730194091796875,-0.0025060176849365234,0.00017074806964956224,0.00022884411737322807,5.8096047723665833e-05,5.381480693817139,6.83208703994751,1.450606346130371
llama3_2_3b,338,1,-0.000736236572265625,4.76837158203125e-06,0.0007410049438476562,9.387201862409711e-05,0.00020520598627626896,0.00011133396765217185,5.793774604797363,7.844554901123047,2.0507802963256836
llama3_2_3b,339,1,-0.0001687556505203247,-8.241087198257446e-05,8.634477853775024e-05,6.465172191383317e-06,5.587818122876342e-06,-8.773540685069747e-07,5.396120548248291,5.724818229675293,0.32869768142700195
llama3_2_3b,343,1,1.3350123481359333e-05,-9.297509677708149e-06,-2.2647633159067482e-05,1.801236066967249e-06,1.2884802345070057e-06,-5.127558324602433e-07,38.482139587402344,47.75678253173828,9.274642944335938
llama3_2_3b,344,1,-0.0007101297378540039,0.0002378225326538086,0.0009479522705078125,5.5543609050801024e-05,4.913938755635172e-05,-6.4042214944493026e-06,6.698586463928223,7.019676685333252,0.3210902214050293
llama3_2_3b,352,1,-0.04858216643333435,-0.04777127504348755,0.0008108913898468018,0.0019137728959321976,0.0018351022154092789,-7.86706805229187e-05,6.719344615936279,7.926377773284912,1.2070331573486328
llama3_2_3b,373,1,-0.0010930299758911133,-0.0012652873992919922,-0.0001722574234008789,3.923237090930343e-05,4.172089393250644e-05,2.4885230232030153e-06,8.851824760437012,6.7784342765808105,-2.073390483856201
llama3_2_3b,380,1,0.012243852019309998,-0.00013399869203567505,-0.012377850711345673,0.00061752088367939,6.702067912556231e-05,-0.0005505002045538276,8.787156105041504,9.826807975769043,1.039651870727539
llama3_2_3b,381,1,-0.001519664190709591,-1.894403249025345e-05,0.0015007201582193375,9.500898886471987e-05,1.1840693332487717e-06,-9.38249195314711e-05,6.695799827575684,7.201163291931152,0.5053634643554688
llama3_2_3b,382,1,0.01244807243347168,0.012155532836914062,-0.0002925395965576172,0.0007290077046491206,0.0007376764551736414,8.668750524520874e-06,6.543624401092529,7.143454074859619,0.5998296737670898
llama3_2_3b,387,1,0.00029009580612182617,-0.00057944655418396,-0.0008695423603057861,2.418694202788174e-05,2.0468432921916246e-05,-3.718509105965495e-06,6.557170867919922,9.127054214477539,2.569883346557617
llama3_2_3b,389,1,-0.0002460479736328125,0.0014868974685668945,0.001732945442199707,1.0244282748317346e-05,0.00010269995254930109,9.245566980098374e-05,5.227835178375244,6.090611934661865,0.8627767562866211
llama3_2_3b,391,1,0.007150173187255859,0.004968166351318359,-0.0021820068359375,0.000734502449631691,0.0003697469364851713,-0.00036475551314651966,6.8571906089782715,7.064457416534424,0.20726680755615234
llama3_2_3b,394,1,0.0007092952728271484,-0.03343397378921509,-0.034143269062042236,5.4854011978022754e-05,0.0015596915036439896,0.0015048374916659668,6.049375057220459,5.68721342086792,-0.36216163635253906
llama3_2_3b,397,1,-0.0023649930953979492,-0.0004650801420211792,0.00189991295337677,0.000162603915669024,2.314425364602357e-05,-0.00013945966202300042,8.203187942504883,8.231205940246582,0.02801799774169922
llama3_2_3b,398,1,-0.006531715393066406,0.0002689361572265625,0.006800651550292969,0.0007978458888828754,0.0005701520713046193,-0.00022769381757825613,11.437078475952148,10.326837539672852,-1.1102409362792969
llama3_2_3b,401,1,-0.11585378646850586,-0.0022857189178466797,0.11356806755065918,0.0005428719450719655,0.00021103676408529282,-0.00033183518098667264,5.876598834991455,6.653816223144531,0.7772173881530762
llama3_2_3b,403,1,6.575882434844971e-05,-2.5972723960876465e-05,-9.173154830932617e-05,1.0552597814239562e-05,7.81372182245832e-06,-2.738875991781242e-06,6.373608589172363,6.43863582611084,0.06502723693847656
llama3_2_3b,405,1,0.00039064884185791016,0.06545102596282959,0.06506037712097168,1.666430034674704e-05,0.002814769744873047,0.0027981054445263,9.122538566589355,17.593175888061523,8.470637321472168
llama3_2_3b,411,1,-0.08887219429016113,0.00041925907135009766,0.08929145336151123,0.001539701595902443,1.7671722162049264e-05,-0.0015220298737403937,13.751384735107422,6.348047256469727,-7.403337478637695
llama3_2_3b,414,1,-0.037418365478515625,-0.03436756134033203,0.0030508041381835938,0.00020221329759806395,0.00024429074255749583,4.207744495943189e-05,7.626593112945557,7.853290557861328,0.22669744491577148
llama3_2_3b,422,1,-0.0009059906005859375,-0.017554283142089844,-0.016648292541503906,5.035173671785742e-05,0.0009010005742311478,0.0008506488375132903,8.835909843444824,15.546845436096191,6.710935592651367
llama3_2_3b,426,1,-0.0008455812931060791,-0.011990964412689209,-0.01114538311958313,4.541390808299184e-05,0.0006886551855131984,0.0006432412774302065,12.082469940185547,10.456905364990234,-1.6255645751953125
llama3_2_3b,427,1,0.04546928405761719,-0.00025522708892822266,-0.04572451114654541,0.0018012132495641708,9.95784648694098e-06,-0.0017912554030772299,6.948159694671631,9.05748462677002,2.1093249320983887
llama3_2_3b,428,1,0.0017225388437509537,0.001770664006471634,4.812516272068024e-05,0.00011252379044890404,0.00011614733375608921,3.623543307185173e-06,9.776044845581055,10.350682258605957,0.5746374130249023
llama3_2_3b,431,1,0.037923336029052734,0.03634697198867798,-0.0015763640403747559,0.001584185753017664,0.0016080527566373348,2.3867003619670868e-05,7.022768974304199,9.07767105102539,2.0549020767211914
llama3_2_3b,436,1,0.03486037254333496,0.005572319030761719,-0.029288053512573242,0.0005119142588227987,0.0003290809690952301,-0.00018283328972756863,5.983516216278076,7.404601573944092,1.4210853576660156
llama3_2_3b,444,1,-0.0010727792978286743,0.003300592303276062,0.004373371601104736,5.433958722278476e-05,0.0001907672267407179,0.00013642763951793313,6.1687846183776855,8.142579078674316,1.9737944602966309
llama3_2_3b,445,1,-0.0029802322387695312,-0.0034112930297851562,-0.000431060791015625,0.0004820185713469982,0.0002948502078652382,-0.00018716836348176003,9.680511474609375,9.09882640838623,-0.5816850662231445
llama3_2_3b,446,1,0.0489727258682251,-0.009035944938659668,-0.058008670806884766,0.0018204380758106709,0.0005328040570020676,-0.0012876340188086033,8.638104438781738,8.304797172546387,-0.33330726623535156
llama3_2_3b,452,1,-0.003089398145675659,-0.0032072365283966064,-0.00011783838272094727,0.00022966391406953335,0.000275689410045743,4.602549597620964e-05,6.934091091156006,9.736566543579102,2.8024754524230957
llama3_2_3b,455,1,0.00658193975687027,0.006788920611143112,0.0002069808542728424,0.0003913422115147114,0.0004175826907157898,2.6240479201078415e-05,5.245321750640869,5.816525459289551,0.5712037086486816
llama3_2_3b,458,1,2.26340489462018e-06,9.529991075396538e-06,7.266586180776358e-06,1.2896151702079806e-08,6.32591763860546e-07,6.196956121584662e-07,13.60315227508545,9.258065223693848,-4.345087051391602
llama3_2_3b,462,1,-0.0004658699035644531,0.019263267517089844,0.019729137420654297,9.414320811629295e-05,0.0012156926095485687,0.0011215494014322758,5.600872993469238,9.231769561767578,3.63089656829834
llama3_2_3b,467,1,-0.12423133850097656,3.910064697265625e-05,0.12427043914794922,4.5052263885736465e-05,3.3337328204652295e-06,-4.1718531065271236e-05,10.10705852508545,9.940254211425781,-0.16680431365966797
llama3_2_3b,469,1,-0.04259878396987915,-0.04205000400543213,0.0005487799644470215,0.0017722347984090447,0.0018156049773097038,4.3370178900659084e-05,8.019363403320312,13.423386573791504,5.404023170471191
llama3_2_3b,471,1,0.0003845393657684326,0.0013405084609985352,0.0009559690952301025,2.7490314096212387e-05,5.1535782404243946e-05,2.404546830803156e-05,6.879619598388672,10.374125480651855,3.4945058822631836
llama3_2_3b,473,1,-0.0024089813232421875,-0.01798868179321289,-0.015579700469970703,0.00015149038517847657,0.00046901730820536613,0.00031752692302688956,6.683981895446777,7.672316074371338,0.9883341789245605
llama3_2_3b,479,1,0.005308628082275391,0.0031375885009765625,-0.002171039581298828,0.00036361219827085733,0.00032578979153186083,-3.7822406738996506e-05,6.40415620803833,5.530603408813477,-0.8735527992248535
llama3_2_3b,483,1,0.0006399638950824738,3.557652235031128e-07,-0.0006396081298589706,3.889884101226926e-05,-7.346276476027924e-08,-3.897230377702954e-05,9.083096504211426,7.761205196380615,-1.3218913078308105
llama3_2_3b,485,1,-0.004299171268939972,-0.013539314270019531,-0.00924014300107956,0.00026227592024952173,0.0007722452282905579,0.0005099693080410361,7.765431880950928,8.78602409362793,1.020592212677002
llama3_2_3b,501,1,-0.0512237548828125,-0.02800750732421875,0.02321624755859375,0.00047718267887830734,0.0004923762753605843,1.5193596482276917e-05,10.03482437133789,9.270922660827637,-0.7639017105102539
llama3_2_3b,502,1,-5.9604644775390625e-05,-0.0037796497344970703,-0.0037200450897216797,9.13802650757134e-05,0.00011844543041661382,2.706516534090042e-05,6.174936294555664,6.855625152587891,0.6806888580322266
llama3_2_3b,503,1,9.062886238098145e-05,-0.00017747282981872559,-0.00026810169219970703,1.9990467990282923e-05,3.4413678804412484e-05,1.4423210814129561e-05,4.922024726867676,5.736083507537842,0.814058780670166
llama3_2_3b,504,1,0.061402320861816406,-0.004025459289550781,-0.06542778015136719,0.0008731577545404434,0.00020506004511844367,-0.0006680977094219998,4.684754848480225,6.783610820770264,2.098855972290039
llama3_2_3b,509,1,0.0026970505714416504,-0.004119932651519775,-0.006816983222961426,0.0001915106549859047,0.00011871231254190207,-7.279834244400263e-05,7.486322402954102,8.811848640441895,1.325526237487793
llama3_2_3b,514,1,0.00013186782598495483,8.831173181533813e-05,-4.35560941696167e-05,8.210226951632649e-06,9.773742931429297e-06,1.563515979796648e-06,6.690169811248779,7.547338962554932,0.8571691513061523
llama3_2_3b,515,1,0.0026445388793945312,0.0018060803413391113,-0.0008384585380554199,0.00014436256606131792,8.92088282853365e-05,-5.5153737775981426e-05,7.105216026306152,7.1351518630981445,0.029935836791992188
llama3_2_3b,519,1,-0.0010344982147216797,0.00022852420806884766,0.0012630224227905273,0.00010670075425878167,4.8640649765729904e-05,-5.806010449305177e-05,9.648974418640137,8.123429298400879,-1.5255451202392578
llama3_2_3b,521,1,0.025560975074768066,-0.0010658502578735352,-0.0266268253326416,0.001509759807959199,8.352653821930289e-05,-0.001426233269739896,7.483500003814697,8.859550476074219,1.3760504722595215
llama3_2_3b,532,1,-8.694943971931934e-06,-1.2744625564664602e-05,-4.049681592732668e-06,3.9190649658848997e-07,3.7756399251520634e-07,-1.4342504073283635e-08,8.492727279663086,9.124999046325684,0.6322717666625977
llama3_2_3b,533,1,-0.003795810043811798,-0.00034550949931144714,0.003450300544500351,0.0002393091272097081,2.9369846743065864e-05,-0.00020993928046664223,10.255481719970703,9.115832328796387,-1.1396493911743164
llama3_2_3b,541,1,-0.01902151107788086,0.04091215133666992,0.05993366241455078,0.001580638810992241,0.001641876995563507,6.123818457126617e-05,13.030501365661621,7.646432399749756,-5.384068965911865
llama3_2_3b,548,1,0.00012358278036117554,0.00045458972454071045,0.0003310069441795349,2.9969411116326228e-05,7.154190097935498e-05,4.157248986302875e-05,10.222874641418457,12.709049224853516,2.4861745834350586
llama3_2_3b,560,1,0.019121170043945312,0.000583648681640625,-0.018537521362304688,0.0009608018444851041,6.255129119381309e-05,-0.000898250553291291,8.281439781188965,11.435714721679688,3.1542749404907227
llama3_2_3b,561,1,-0.005103111267089844,-0.0034399032592773438,0.0016632080078125,0.00030526513000950217,0.00037466525100171566,6.940012099221349e-05,6.488442897796631,6.939509868621826,0.4510669708251953
llama3_2_3b,562,1,0.08667325973510742,-0.0004527568817138672,-0.08712601661682129,0.0016895448789000511,1.5164900105446577e-05,-0.0016743799787946045,6.596912384033203,6.477602958679199,-0.1193094253540039
llama3_2_3b,566,1,0.0042932480573654175,0.015622779726982117,0.0113295316696167,0.00012207007966935635,0.0005212631076574326,0.0003991930279880762,11.838062286376953,22.809585571289062,10.97152328491211
llama3_2_3b,572,1,-0.00012969970703125,-0.0018086433410644531,-0.0016789436340332031,5.176421836949885e-06,0.00011315883602946997,0.00010798241419252008,6.846018314361572,7.350922584533691,0.5049042701721191
llama3_2_3b,573,1,-0.00028336048126220703,-0.07808208465576172,-0.07779872417449951,0.0004247617907822132,0.0021604960784316063,0.001735734287649393,7.923707485198975,9.55161190032959,1.6279044151306152
llama3_2_3b,575,1,-7.934763561934233e-05,-2.2993539460003376e-05,5.635409615933895e-05,5.8582445490173995e-06,6.631289579672739e-07,-5.195115591050126e-06,7.28206205368042,10.36275577545166,3.0806937217712402
llama3_2_3b,581,1,-0.004163280129432678,0.0005958974361419678,0.004759177565574646,0.0001318205613642931,0.0002140543656423688,8.22338042780757e-05,10.440794944763184,9.560004234313965,-0.8807907104492188
llama3_2_3b,583,1,-3.1502917408943176e-05,-0.00015398487448692322,-0.00012248195707798004,2.3825541575206444e-06,5.5750570027157664e-06,3.192502845195122e-06,6.410950183868408,9.510514259338379,3.0995640754699707
llama3_2_3b,584,1,-0.015616536140441895,0.002070307731628418,0.017686843872070312,0.0008559839334338903,9.08322399482131e-05,-0.0007651516934856772,9.278550148010254,8.340641975402832,-0.9379081726074219
llama3_2_3b,588,1,0.0010655075311660767,0.0008638948202133179,-0.0002016127109527588,5.881307879462838e-05,5.40843466296792e-05,-4.728732164949179e-06,9.33863639831543,7.7712321281433105,-1.5674042701721191
llama3_2_3b,592,1,-0.00017425231635570526,3.5334378480911255e-06,0.0001777857542037964,6.334263161988929e-06,2.7971291274297982e-06,-3.5371340345591307e-06,8.100384712219238,7.93549108505249,-0.16489362716674805
llama3_2_3b,607,1,-7.570604793727398e-05,-5.621439777314663e-05,1.949165016412735e-05,2.9311813705135137e-06,2.679493263713084e-06,-2.516881068004295e-07,7.325251579284668,8.73615550994873,1.4109039306640625
llama3_2_3b,608,1,0.0062133073806762695,-1.185387372970581e-05,-0.006225161254405975,0.00036200799513608217,2.288523319293745e-06,-0.00035971947181678843,5.373780727386475,8.913290023803711,3.5395092964172363
llama3_2_3b,611,1,0.06473338603973389,0.0656360387802124,0.0009026527404785156,0.002197965979576111,0.0020715477876365185,-0.00012641819193959236,13.508020401000977,10.889633178710938,-2.618387222290039
llama3_2_3b,621,1,0.00566554069519043,0.0029070377349853516,-0.002758502960205078,0.00016426783986389637,9.570900874678046e-05,-6.855883111711591e-05,8.070798873901367,8.67860221862793,0.6078033447265625
llama3_2_3b,629,1,-0.0030791759490966797,0.003496527671813965,0.0065757036209106445,0.00016166811110451818,0.0002174797118641436,5.5811600759625435e-05,8.809981346130371,9.18172836303711,0.3717470169067383
llama3_2_3b,632,1,-0.018705368041992188,-0.007542610168457031,0.011162757873535156,0.0010002701310440898,0.0005261619808152318,-0.000474108150228858,3.8954689502716064,4.606085777282715,0.7106168270111084
llama3_2_3b,633,1,0.039818763732910156,0.021465301513671875,-0.01835346221923828,0.0004437804454937577,0.0004398860037326813,-3.89444176107645e-06,13.633410453796387,17.385652542114258,3.752242088317871
llama3_2_3b,636,1,-0.0002651214599609375,2.4881213903427124e-05,0.0002900026738643646,8.346229151356965e-06,2.6479974621906877e-06,-5.698231689166278e-06,8.097907066345215,5.81347131729126,-2.284435749053955
llama3_2_3b,638,1,0.00045034661889076233,0.0004605688154697418,1.0222196578979492e-05,2.829187724273652e-05,2.248570672236383e-05,-5.806170520372689e-06,10.086597442626953,8.508365631103516,-1.5782318115234375
llama3_2_3b,640,1,-0.010874748229980469,-0.03263235092163086,-0.02175760269165039,0.0004237053217366338,0.0004780357703566551,5.433044862002134e-05,9.461522102355957,13.3673677444458,3.9058456420898438
llama3_2_3b,650,1,0.0211946964263916,0.05610537528991699,0.03491067886352539,0.0008089086040854454,0.0002939854748547077,-0.0005149231292307377,10.138955116271973,8.382523536682129,-1.7564315795898438
llama3_2_3b,663,1,-0.0010029077529907227,0.0023401975631713867,0.0033431053161621094,7.863625069148839e-05,0.00010018079774454236,2.1544547053053975e-05,5.255392074584961,5.958872318267822,0.7034802436828613
llama3_2_3b,665,1,-0.00039386749267578125,-0.0018033981323242188,-0.0014095306396484375,7.225980516523123e-05,0.0005977272521704435,0.0005254674470052123,6.866473197937012,7.0812296867370605,0.21475648880004883
llama3_2_3b,667,1,0.0056247711181640625,0.009121060371398926,0.0034962892532348633,0.00021124957129359245,0.00030202080961316824,9.077123831957579e-05,9.929149627685547,9.868976593017578,-0.06017303466796875
llama3_2_3b,670,1,-0.0038552284240722656,-0.0006260871887207031,0.0032291412353515625,0.00025451346300542355,4.0211489249486476e-05,-0.00021430197375593707,6.24459981918335,7.0089874267578125,0.7643876075744629
llama3_2_3b,674,1,-0.006270647048950195,-2.3126602172851562e-05,0.006247520446777344,0.0003876818809658289,4.078980418853462e-05,-0.0003468920767772943,9.615800857543945,9.128459930419922,-0.48734092712402344
llama3_2_3b,675,1,-0.001165628433227539,-0.0004954338073730469,0.0006701946258544922,5.091860657557845e-05,2.3648120986763388e-05,-2.7270485588815063e-05,5.603780746459961,10.091981887817383,4.488201141357422
llama3_2_3b,677,1,0.016516685485839844,-0.01660299301147461,-0.03311967849731445,0.0003981345798820257,0.0010001454502344131,0.0006020108703523874,7.1002583503723145,8.533576965332031,1.4333186149597168
llama3_2_3b,682,1,0.0011886600404977798,0.0001512710005044937,-0.0010373890399932861,7.609807653352618e-05,5.981411959510297e-06,-7.011666457401589e-05,10.74091625213623,14.561579704284668,3.8206634521484375
llama3_2_3b,683,1,-6.359070539474487e-05,-1.5363097190856934e-05,4.822760820388794e-05,4.464959602046292e-06,5.601737939286977e-06,1.1367783372406848e-06,5.91206693649292,6.685545921325684,0.7734789848327637
llama3_2_3b,688,1,-0.0051136016845703125,0.0013685226440429688,0.006482124328613281,0.00025039201136678457,0.00012819841504096985,-0.00012219359632581472,5.400514602661133,6.652129650115967,1.251615047454834
llama3_2_3b,689,1,-0.04532361030578613,0.000102996826171875,0.04542660713195801,0.0005571970250457525,0.0001325995835941285,-0.00042459744145162404,6.9230427742004395,6.643425941467285,-0.2796168327331543
llama3_2_3b,691,1,-0.00028939545154571533,-0.00045962631702423096,-0.00017023086547851562,1.7147394828498363e-05,1.8678547348827124e-05,1.5311525203287601e-06,5.097479820251465,6.347586154937744,1.2501063346862793
llama3_2_3b,693,1,-0.0937490463256836,0.00016951560974121094,0.0939185619354248,0.0013482652138918638,9.03939944691956e-05,-0.0012578712194226682,6.8581342697143555,7.488633155822754,0.6304988861083984
llama3_2_3b,696,1,-0.029671669006347656,0.020318031311035156,0.04998970031738281,0.00019817339489236474,0.0003847714979201555,0.00018659810302779078,4.6691789627075195,7.545185089111328,2.8760061264038086
llama3_2_3b,702,1,-0.00787496566772461,-0.004694461822509766,0.0031805038452148438,0.00023244082694873214,0.00013686159218195826,-9.557923476677388e-05,7.214534759521484,7.118658065795898,-0.09587669372558594
llama3_2_3b,703,1,0.0040264129638671875,0.0015468597412109375,-0.00247955322265625,0.0001748315989971161,0.00017484481213614345,1.3213139027357101e-08,6.170310020446777,7.773900032043457,1.6035900115966797
llama3_2_3b,705,1,3.2186508178710938e-06,0.001536726951599121,0.00153350830078125,8.88806243892759e-06,0.00012501160381361842,0.00011612354137469083,8.58630084991455,18.574920654296875,9.988619804382324
llama3_2_3b,708,1,-0.0024535655975341797,-0.0018680095672607422,0.0005855560302734375,0.00020728958770632744,0.0003375513479113579,0.00013026176020503044,8.091503143310547,7.831948757171631,-0.259554386138916
llama3_2_3b,711,1,-0.003847837448120117,0.004172801971435547,0.008020639419555664,0.00021736754570156336,0.0001943425741046667,-2.302497159689665e-05,5.094831466674805,5.776388168334961,0.6815567016601562
llama3_2_3b,713,1,0.012624867260456085,0.010655596852302551,-0.001969270408153534,0.0009559784084558487,0.0006249267607927322,-0.00033105164766311646,7.014007568359375,7.690188884735107,0.6761813163757324
llama3_2_3b,717,1,-0.0014977455139160156,-0.0028486251831054688,-0.0013508796691894531,0.00014441239181905985,0.00019120873184874654,4.679634002968669e-05,5.942698001861572,5.636399269104004,-0.30629873275756836
llama3_2_3b,724,1,0.00013196468353271484,-0.08337116241455078,-0.0835031270980835,6.371102062985301e-05,0.0016339775174856186,0.0015702664968557656,8.284568786621094,14.008309364318848,5.723740577697754
llama3_2_3b,730,1,-0.052246272563934326,-0.05282241106033325,-0.0005761384963989258,0.0019194860942661762,0.00201397854834795,9.449245408177376e-05,7.530361175537109,7.0132317543029785,-0.5171294212341309
llama3_2_3b,734,1,-0.04178905487060547,-0.0073479413986206055,0.03444111347198486,0.0006282003596425056,0.0003348640166223049,-0.00029333634302020073,10.21888542175293,10.848612785339355,0.6297273635864258
llama3_2_3b,736,1,0.002750992774963379,0.0001748800277709961,-0.002576112747192383,0.00019847264047712088,1.3739336282014847e-05,-0.00018473330419510603,7.1941962242126465,5.157022476196289,-2.0371737480163574
llama3_2_3b,737,1,0.07669401168823242,0.09079837799072266,0.014104366302490234,0.0018581710755825043,0.0016050133854150772,-0.00025315769016742706,7.571435451507568,7.961284160614014,0.3898487091064453
llama3_2_3b,738,1,-0.00019402801990509033,-0.0004491955041885376,-0.00025516748428344727,9.820345439948142e-06,1.7968457541428506e-05,8.148112101480365e-06,6.748021125793457,6.485854148864746,-0.26216697692871094
llama3_2_3b,756,1,0.009188055992126465,-0.004852652549743652,-0.014040708541870117,0.00026675243861973286,0.0002447703154757619,-2.1982123143970966e-05,5.60307502746582,6.045585632324219,0.44251060485839844
llama3_2_3b,760,1,0.0018665939569473267,0.0018776003271341324,1.1006370186805725e-05,0.000112735535367392,0.00011314995936118066,4.1442399378865957e-07,13.006138801574707,8.5837984085083,-4.422340393066406
llama3_2_3b,763,1,0.008224844932556152,0.007145524024963379,-0.0010793209075927734,0.0002727222163230181,0.00027140346355736256,-1.3187527656555176e-06,5.8044819831848145,7.143261432647705,1.3387794494628906
llama3_2_3b,765,1,0.00235748291015625,-0.0019266605377197266,-0.0042841434478759766,8.67366325110197e-05,0.00013135664630681276,4.4620013795793056e-05,6.324787616729736,6.949220657348633,0.6244330406188965
llama3_2_3b,776,1,-4.647509194910526e-05,-7.01292883604765e-05,-2.365419641137123e-05,2.135551767423749e-06,2.684388164198026e-06,5.488363967742771e-07,9.317086219787598,8.895820617675781,-0.4212656021118164
llama3_2_3b,783,1,0.00038611888885498047,0.07761216163635254,0.07722604274749756,5.318333569448441e-05,0.0019479328766465187,0.0018947495409520343,5.837138652801514,8.188504219055176,2.351365566253662
llama3_2_3b,784,1,0.00010013580322265625,-1.6450881958007812e-05,-0.00011658668518066406,2.0330160623416305e-05,1.58939219545573e-05,-4.436238668859005e-06,7.676242828369141,7.540543556213379,-0.13569927215576172
llama3_2_3b,785,1,0.05725908279418945,0.020489215850830078,-0.036769866943359375,0.0008433377370238304,0.0005873753689229488,-0.0002559623681008816,9.797589302062988,8.551923751831055,-1.2456655502319336
llama3_2_3b,791,1,0.00019288063049316406,-0.0003921985626220703,-0.0005850791931152344,5.027645966038108e-05,4.630663897842169e-05,-3.969820681959391e-06,7.992450714111328,7.502368927001953,-0.490081787109375
llama3_2_3b,797,1,-3.0994415283203125e-05,-0.0032082796096801758,-0.0031772851943969727,7.587303116451949e-06,0.00019825436174869537,0.00019066705863224342,9.778897285461426,7.801846504211426,-1.97705078125
llama3_2_3b,804,1,0.0005972012877464294,0.0001901267096400261,-0.00040707457810640335,2.5686225853860378e-05,8.580507710576057e-06,-1.710571814328432e-05,16.716291427612305,10.136177062988281,-6.580114364624023
llama3_2_3b,805,1,0.08598804473876953,0.0006480216979980469,-0.08534002304077148,0.0017436463385820389,4.1082443203777075e-05,-0.0017025638953782618,8.31497859954834,7.136839866638184,-1.1781387329101562
llama3_2_3b,806,1,-3.221211954951286e-05,-1.8948223441839218e-05,1.3263896107673645e-05,1.4007855497766286e-06,4.336808387961355e-07,-9.671047109804931e-07,6.410701751708984,6.30472993850708,-0.1059718132019043
llama3_2_3b,820,1,-0.005400180816650391,-0.00396728515625,0.0014328956604003906,0.0003238338977098465,0.0005988313350826502,0.0002749974373728037,4.550207614898682,6.847053527832031,2.2968459129333496
llama3_2_3b,825,1,0.002178329974412918,0.0020066145807504654,-0.0001717153936624527,0.00012056634295731783,0.00010584702249616385,-1.4719320461153984e-05,12.72868537902832,11.381736755371094,-1.3469486236572266
llama3_2_3b,835,1,0.04872429370880127,0.04323577880859375,-0.0054885149002075195,0.0006236070767045021,0.0006204089149832726,-3.1981617212295532e-06,11.633686065673828,11.808126449584961,0.1744403839111328
llama3_2_3b,840,1,0.002178564667701721,-5.225092172622681e-05,-0.002230815589427948,0.0001276151742786169,1.7575548554304987e-05,-0.00011003962572431192,7.326096534729004,9.258662223815918,1.932565689086914
llama3_2_3b,846,1,-0.003634937107563019,2.9221177101135254e-05,0.003664158284664154,0.0002697466406971216,2.72080214926973e-05,-0.00024253861920442432,5.615926265716553,7.0926313400268555,1.4767050743103027
llama3_2_3b,847,1,0.008978843688964844,0.012429237365722656,0.0034503936767578125,0.0004335653502494097,0.0004984013503417373,6.48360000923276e-05,9.619616508483887,11.215615272521973,1.595998764038086
llama3_2_3b,850,1,-9.678304195404053e-05,-0.00015838444232940674,-6.160140037536621e-05,7.675544111407362e-06,1.1810022442659829e-05,4.134478331252467e-06,6.908248424530029,11.411466598510742,4.503218173980713
llama3_2_3b,855,1,-0.008266434073448181,0.000247761607170105,0.008514195680618286,0.0004912314470857382,1.4056364307180047e-05,-0.00047717508277855814,5.120753288269043,8.22372055053711,3.1029672622680664
llama3_2_3b,861,1,0.01369166374206543,-0.06879425048828125,-0.08248591423034668,0.0020973701030015945,0.0004887143149971962,-0.0016086557880043983,12.763931274414062,8.872567176818848,-3.891364097595215
llama3_2_3b,866,1,-0.0008611679077148438,0.04483222961425781,0.045693397521972656,0.00011910275497939438,0.0015035178512334824,0.001384415096254088,6.411285877227783,11.084155082702637,4.6728692054748535
llama3_2_3b,868,1,-0.0005335807800292969,0.0033469200134277344,0.0038805007934570312,2.557644620537758e-05,0.0001994642079807818,0.00017388776177540421,5.828738689422607,6.605804920196533,0.7770662307739258
llama3_2_3b,871,1,0.028287649154663086,0.0013985633850097656,-0.02688908576965332,0.0005428485455922782,0.0004228954203426838,-0.00011995312524959445,14.17795181274414,6.684929370880127,-7.493022441864014
llama3_2_3b,877,1,1.4776363968849182e-05,4.995428025722504e-05,3.5177916288375854e-05,1.479120328440331e-06,2.4722648959141225e-06,9.931445674737915e-07,6.252622604370117,7.21281623840332,0.9601936340332031
llama3_2_3b,879,1,0.0003085136413574219,0.0013394355773925781,0.0010309219360351562,1.4270699466578662e-05,4.6914443373680115e-05,3.264374390710145e-05,4.829371452331543,6.623266696929932,1.7938952445983887
llama3_2_3b,880,1,-0.005555152893066406,0.013854503631591797,0.019409656524658203,0.0013887276872992516,0.0026086587458848953,0.0012199310585856438,5.159671306610107,7.925619125366211,2.7659478187561035
llama3_2_3b,882,1,-0.05918312072753906,-0.0149993896484375,0.04418373107910156,9.715312626212835e-05,0.0007967335404828191,0.0006995804142206907,12.933706283569336,8.691884994506836,-4.2418212890625
llama3_2_3b,885,1,0.001604914665222168,0.007978081703186035,0.006373167037963867,0.0004078017082065344,0.0003019082359969616,-0.00010589347220957279,10.978628158569336,8.507848739624023,-2.4707794189453125
llama3_2_3b,899,1,0.007068455219268799,0.00016433000564575195,-0.006904125213623047,0.0002448251470923424,0.00022004212951287627,-2.4783017579466105e-05,9.50553035736084,8.051752090454102,-1.4537782669067383
llama3_2_3b,904,1,0.11146926879882812,0.12279653549194336,0.011327266693115234,0.0008308200631290674,0.0001790625974535942,-0.0006517574656754732,12.82265567779541,6.547719955444336,-6.274935722351074
llama3_2_3b,908,1,0.00013671815395355225,0.003503844141960144,0.003367125988006592,4.3088875827379525e-06,0.00019958354823756963,0.00019527466065483168,9.996210098266602,15.23237133026123,5.236161231994629
llama3_2_3b,923,1,-0.0002225935459136963,-4.5552849769592285e-05,0.000177040696144104,1.1042844562325627e-05,1.1935071597690694e-05,8.922270353650674e-07,10.535004615783691,10.459861755371094,-0.07514286041259766
llama3_2_3b,925,1,-0.002644360065460205,0.0006654858589172363,0.0033098459243774414,0.0001597306691110134,2.1050014765933156e-05,-0.00013868065434508026,5.062211036682129,8.635772705078125,3.573561668395996
llama3_2_3b,927,1,0.00015814602375030518,-4.0143728256225586e-05,-0.00019828975200653076,9.533716365695e-06,2.859800588339567e-06,-6.6739157773554325e-06,7.139036655426025,7.05888557434082,-0.08015108108520508
llama3_2_3b,928,1,-0.0005056560039520264,-0.00010006129741668701,0.00040559470653533936,1.6825157217681408e-05,2.214586129412055e-05,5.320704076439142e-06,10.071940422058105,9.36085033416748,-0.711090087890625
llama3_2_3b,931,1,0.001598954200744629,-0.013402760028839111,-0.01500171422958374,6.869056960567832e-05,0.0007792375981807709,0.0007105470285750926,7.566549301147461,7.464596748352051,-0.10195255279541016
llama3_2_3b,934,1,-0.00045371055603027344,-0.07235288619995117,-0.0718991756439209,0.00014021911192685366,0.0018520792946219444,0.0017118601826950908,6.6875081062316895,6.903692722320557,0.2161846160888672
llama3_2_3b,944,1,-5.679670721292496e-06,-2.390192821621895e-05,-1.8222257494926453e-05,8.683964551892132e-07,1.1109932529507205e-06,2.4259679776150733e-07,7.913815498352051,19.35681915283203,11.44300365447998
llama3_2_3b,954,1,0.02754068374633789,-0.00186920166015625,-0.02940988540649414,0.0012114692945033312,0.00011849490692839026,-0.001092974387574941,8.549112319946289,9.786885261535645,1.2377729415893555
llama3_2_3b,955,1,0.0034775733947753906,0.0017426013946533203,-0.0017349720001220703,0.00018343765987083316,0.00016215836512856185,-2.1279294742271304e-05,7.969948768615723,7.767960071563721,-0.20198869705200195
llama3_2_3b,959,1,-0.0006256215274333954,-0.000700484961271286,-7.486343383789062e-05,2.8800219297409058e-05,2.4559092707931995e-05,-4.241126589477062e-06,14.99560546875,9.026590347290039,-5.969015121459961
llama3_2_3b,966,1,0.00645136833190918,0.004514217376708984,-0.0019371509552001953,0.00019039097242057323,0.0001489932183176279,-4.139775410294533e-05,7.786454677581787,8.02503490447998,0.23858022689819336
llama3_2_3b,975,1,0.006191253662109375,0.06359624862670898,0.05740499496459961,0.00026142605929635465,0.0002847506548278034,2.3324595531448722e-05,6.744081020355225,6.695996284484863,-0.04808473587036133
llama3_2_3b,979,1,0.00016703270375728607,-1.1668307706713676e-05,-0.00017870101146399975,1.088372664526105e-05,7.324490525206784e-07,-1.0151277592740371e-05,8.022553443908691,8.43777084350586,0.41521739959716797
llama3_2_3b,987,1,0.0037914514541625977,0.005382895469665527,0.0015914440155029297,0.00014416943304240704,0.000988492276519537,0.0008443228434771299,7.508067607879639,11.201643943786621,3.6935763359069824
llama3_2_3b,988,1,-8.463859558105469e-06,-2.1457672119140625e-06,6.318092346191406e-06,2.266938281536568e-07,2.374088126089191e-07,1.071498445526231e-08,7.950397491455078,12.577215194702148,4.62681770324707
llama3_2_3b,991,1,-6.514787673950195e-05,0.048697590827941895,0.048762738704681396,7.553104660473764e-05,0.001819159835577011,0.0017436287889722735,7.176506996154785,7.739597320556641,0.5630903244018555
llama3_2_3b,992,1,0.008507490158081055,-0.0002574920654296875,-0.008764982223510742,0.000479293055832386,9.441253496333957e-06,-0.00046985180233605206,5.85118293762207,5.558005332946777,-0.29317760467529297
llama3_2_3b,997,1,-0.00029378943145275116,-0.00035244040191173553,-5.8650970458984375e-05,1.2162392522441223e-05,1.5624798834323883e-05,3.46240631188266e-06,6.790173053741455,9.218453407287598,2.4282803535461426
llama3_2_3b,1005,1,-0.11138582229614258,-0.018848657608032227,0.09253716468811035,0.0007463879883289337,0.001119022723287344,0.00037263473495841026,5.334479331970215,7.014607906341553,1.680128574371338
llama3_2_3b,1007,1,0.0025136470794677734,0.02498483657836914,0.022471189498901367,9.283667895942926e-05,0.0011907736770808697,0.0010979369981214404,6.57668399810791,6.594202518463135,0.01751852035522461
llama3_2_3b,1009,1,-0.0426405668258667,-0.0014888644218444824,0.04115170240402222,0.0015906980261206627,8.03314324002713e-05,-0.0015103665937203914,8.01269245147705,6.93696928024292,-1.0757231712341309
llama3_2_3b,1014,1,0.03776264190673828,0.05428028106689453,0.01651763916015625,0.001364387571811676,0.00022875599097460508,-0.001135631580837071,10.33934497833252,20.288318634033203,9.948973655700684
llama3_2_3b,1024,1,-0.00638812780380249,-0.0018080472946166992,0.004580080509185791,0.0002522494178265333,0.0004319045692682266,0.0001796551514416933,6.4402852058410645,5.9779582023620605,-0.4623270034790039
llama3_2_3b,1032,1,0.0005650520324707031,-0.0023484230041503906,-0.0029134750366210938,0.0001133059777203016,0.0001853361027315259,7.20301250112243e-05,5.1957902908325195,5.463188171386719,0.2673978805541992
llama3_2_3b,1033,1,-2.3829052224755287e-06,-1.632311614230275e-05,-1.3940210919827223e-05,1.6877356756594963e-07,1.0292674232914578e-06,8.604938557255082e-07,9.201238632202148,20.864017486572266,11.662778854370117
llama3_2_3b,1034,1,-0.1061849594116211,-0.06020927429199219,0.045975685119628906,0.001003548502922058,0.0024860929697752,0.0014825444668531418,8.882126808166504,7.439981460571289,-1.4421453475952148
llama3_2_3b,1047,1,0.0008172392845153809,0.0005777478218078613,-0.00023949146270751953,2.9352268029469997e-05,2.17460619751364e-05,-7.606206054333597e-06,8.884357452392578,6.855280876159668,-2.02907657623291
llama3_2_3b,1052,1,0.0006237030029296875,-0.0009570121765136719,-0.0015807151794433594,0.0001874225854407996,0.00023513194173574448,4.770935629494488e-05,7.537735462188721,6.888312816619873,-0.6494226455688477
llama3_2_3b,1057,1,-0.0014042854309082031,-0.0016832351684570312,-0.0002789497375488281,0.00010256154928356409,0.00010356504935771227,1.003500074148178e-06,6.820109844207764,10.819518089294434,3.99940824508667
llama3_2_3b,1061,1,-0.0124434232711792,-0.008447527885437012,0.0039958953857421875,0.0003364095464348793,0.000300093088299036,-3.631645813584328e-05,7.167728900909424,7.318202018737793,0.15047311782836914
llama3_2_3b,1062,1,-3.57598764821887e-07,3.2183597795665264e-06,3.5759585443884134e-06,-2.0262163502593467e-08,2.516910626582103e-07,2.7195322616080375e-07,8.145798683166504,14.075240135192871,5.929441452026367
llama3_2_3b,1063,1,0.00016174279153347015,0.0002186596393585205,5.6916847825050354e-05,8.543944204575382e-06,1.4475372154265642e-05,5.93142794969026e-06,7.458241939544678,13.414983749389648,5.956741809844971
llama3_2_3b,1067,1,2.787308767437935e-05,2.5014334823936224e-05,-2.8587528504431248e-06,1.648164470680058e-06,1.5463460840692278e-06,-1.018183866108302e-07,6.217189788818359,6.67915678024292,0.46196699142456055
llama3_2_3b,1069,1,6.052665412425995e-06,3.952020779252052e-05,3.346754238009453e-05,5.995041192363715e-07,1.6741123545216396e-06,1.0746082352852682e-06,5.108226776123047,6.800403118133545,1.692176342010498
llama3_2_3b,1070,1,-0.0002564823953434825,1.546461135149002e-06,0.0002580288564786315,1.6286168829537928e-05,7.252606337715406e-08,-1.6213642766160774e-05,10.519975662231445,10.41750431060791,-0.10247135162353516
llama3_2_3b,1071,1,0.008325576782226562,-0.0009772777557373047,-0.009302854537963867,0.0002381713129580021,0.00013768684584647417,-0.00010048446711152792,7.279301166534424,8.352286338806152,1.0729851722717285
llama3_2_3b,1078,1,-0.1063157320022583,-0.02711498737335205,0.07920074462890625,0.002856452949345112,0.0006324001587927341,-0.0022240527905523777,9.982436180114746,11.322860717773438,1.3404245376586914
llama3_2_3b,1079,1,0.07185214757919312,-0.006643474102020264,-0.07849562168121338,0.0019458816386759281,0.00037372810766100883,-0.0015721535310149193,7.679954528808594,11.121004104614258,3.441049575805664
llama3_2_3b,1080,1,-0.0014853477478027344,-0.05766582489013672,-0.056180477142333984,0.0025610532611608505,0.00045686913654208183,-0.0021041841246187687,52.91701126098633,11.053852081298828,-41.8631591796875
llama3_2_3b,1086,1,9.341537952423096e-05,-9.372830390930176e-06,-0.00010278820991516113,1.7152269720099866e-05,1.8893289961852133e-05,1.7410202417522669e-06,6.60614013671875,6.428733825683594,-0.17740631103515625
llama3_2_3b,1096,1,0.0033728480339050293,-0.004940450191497803,-0.008313298225402832,0.0001976307830773294,0.00016148615395650268,-3.614462912082672e-05,8.304180145263672,7.269944190979004,-1.034235954284668
llama3_2_3b,1098,1,0.08603501319885254,0.08630967140197754,0.000274658203125,0.0016678497195243835,0.0016587469726800919,-9.102746844291687e-06,7.931955337524414,8.710952758789062,0.7789974212646484
llama3_2_3b,1100,1,0.0006379783153533936,0.018895477056503296,0.018257498741149902,2.9255403205752373e-05,0.0019983218517154455,0.001969066448509693,12.746456146240234,13.668342590332031,0.9218864440917969
llama3_2_3b,1101,1,0.02016770839691162,-0.015448212623596191,-0.03561592102050781,0.0009586634114384651,0.0006712609902024269,-0.0002874024212360382,9.364360809326172,11.56672191619873,2.2023611068725586
llama3_2_3b,1105,1,0.010405182838439941,-0.002422332763671875,-0.012827515602111816,0.00033012102358043194,0.00013591267634183168,-0.00019420834723860025,7.013096809387207,8.787226676940918,1.774129867553711
llama3_2_3b,1108,1,0.07063305377960205,0.0032999515533447266,-0.06733310222625732,0.0018131709657609463,0.00011459529923740774,-0.0016985756665235385,8.106640815734863,8.032377243041992,-0.0742635726928711
llama3_2_3b,1115,1,0.0003647804260253906,-0.022270023822784424,-0.022634804248809814,1.8438186089042574e-05,0.0011238092556595802,0.0011053710695705377,6.276315212249756,8.7056245803833,2.429309368133545
llama3_2_3b,1117,1,-0.011510759592056274,0.012241899967193604,0.023752659559249878,0.0006910855881869793,0.0008746720850467682,0.0001835864968597889,13.869808197021484,17.76390838623047,3.8941001892089844
llama3_2_3b,1124,1,-0.00048422813415527344,0.013984322547912598,0.014468550682067871,0.00012133156997151673,0.00046300445683300495,0.0003416728868614882,5.291314601898193,5.640224933624268,0.3489103317260742
llama3_2_3b,1130,1,-6.276369094848633e-05,0.003709353506565094,0.0037721171975135803,5.054415851191152e-06,0.0002211499959230423,0.00021609558007185115,8.771575927734375,10.878259658813477,2.1066837310791016
llama3_2_3b,1132,1,-0.0021699368953704834,-0.0010566115379333496,0.0011133253574371338,7.034058216959238e-05,3.930441016564146e-05,-3.1036172003950924e-05,8.414715766906738,8.800222396850586,0.38550662994384766
mistral_7b_v0_1,0,1,-0.0005426406860351562,0.05541658401489258,0.055959224700927734,7.951876614242792e-05,0.00029487302526831627,0.00021535425912588835,2.934136390686035,3.4049596786499023,0.4708232879638672
mistral_7b_v0_1,2,1,0.01688671112060547,0.016308307647705078,-0.0005784034729003906,0.00039359787479043007,0.00035275286063551903,-4.084501415491104e-05,3.1996915340423584,3.8556017875671387,0.6559102535247803
mistral_7b_v0_1,4,1,-7.987022399902344e-06,6.794929504394531e-06,1.4781951904296875e-05,4.366869461591705e-07,3.887789716827683e-07,-4.790797447640216e-08,2.943950891494751,2.859405040740967,-0.08454585075378418
mistral_7b_v0_1,5,1,-0.0003485679626464844,0.059160709381103516,0.05950927734375,4.011698183603585e-05,0.001083987532183528,0.001043870550347492,3.493325710296631,3.833038330078125,0.33971261978149414
mistral_7b_v0_1,6,1,-0.05340409278869629,0.00024700164794921875,0.05365109443664551,0.00024067721096798778,8.173673450073693e-06,-0.00023250353751791408,3.0171916484832764,2.907288074493408,-0.10990357398986816
mistral_7b_v0_1,9,1,0.002293825149536133,-0.0006000995635986328,-0.0028939247131347656,9.96264279820025e-05,0.0001055814791470766,5.95505116507411e-06,4.155547142028809,3.4031052589416504,-0.7524418830871582
mistral_7b_v0_1,10,1,-0.01737356185913086,-0.006830573081970215,0.010542988777160645,0.00043297000229358673,0.0004338342696428299,8.642673492431641e-07,3.4294066429138184,3.4977118968963623,0.06830525398254395
mistral_7b_v0_1,11,1,0.0003352165222167969,0.000672459602355957,0.00033724308013916016,1.8711652955971658e-05,3.988671232946217e-05,2.1175059373490512e-05,3.588359832763672,3.6128170490264893,0.024457216262817383
mistral_7b_v0_1,12,1,-0.005463123321533203,0.059935569763183594,0.0653986930847168,0.00017467769794166088,0.00018693367019295692,1.2255972251296043e-05,3.474529981613159,3.3542826175689697,-0.12024736404418945
mistral_7b_v0_1,13,1,0.0026732683181762695,-0.002010345458984375,-0.0046836137771606445,0.00036558505962602794,0.00036370730958878994,-1.8777500372380018e-06,3.914090394973755,3.420944929122925,-0.4931454658508301
mistral_7b_v0_1,14,1,-0.021561622619628906,-0.034393310546875,-0.012831687927246094,0.00041002919897437096,0.00047082826495170593,6.0799065977334976e-05,3.4590134620666504,2.969846248626709,-0.4891672134399414
mistral_7b_v0_1,15,1,-0.0013924818485975266,0.00026215333491563797,0.0016546351835131645,8.308060932904482e-05,1.4062272384762764e-05,-6.901833694428205e-05,3.992206335067749,4.149655342102051,0.15744900703430176
mistral_7b_v0_1,16,1,-0.0017813444137573242,0.005733132362365723,0.007514476776123047,8.08615586720407e-05,0.0002596599515527487,0.00017879839288070798,3.4445695877075195,3.584627151489258,0.14005756378173828
mistral_7b_v0_1,17,1,-4.9591064453125e-05,0.040697574615478516,0.04074716567993164,3.808268957072869e-06,0.0004476747999433428,0.00044386653098626994,3.874069929122925,4.56243896484375,0.6883690357208252
mistral_7b_v0_1,18,1,-0.0008275508880615234,0.0025572776794433594,0.003384828567504883,0.00010073684097733349,0.0001307694474235177,3.0032606446184218e-05,3.225792646408081,3.358900785446167,0.13310813903808594
mistral_7b_v0_1,20,1,-0.07074832916259766,-0.09854984283447266,-0.027801513671875,0.0002698736498132348,0.0004631322808563709,0.00019325863104313612,3.308133363723755,3.866339921951294,0.5582065582275391
mistral_7b_v0_1,22,1,0.0018450021743774414,-0.04309433698654175,-0.04493933916091919,0.00018565583741292357,0.0007104873657226562,0.0005248315283097327,3.8975765705108643,4.14717435836792,0.24959778785705566
mistral_7b_v0_1,24,1,0.007209062576293945,0.006164669990539551,-0.0010443925857543945,0.00021646730601787567,0.00022563734091818333,9.170034900307655e-06,3.547667980194092,3.487307071685791,-0.06036090850830078
mistral_7b_v0_1,25,1,-0.002585887908935547,-0.0021734237670898438,0.0004124641418457031,0.00015572394477203488,0.00021166476653888822,5.594082176685333e-05,2.9997446537017822,3.225738525390625,0.22599387168884277
mistral_7b_v0_1,26,1,-0.004353880882263184,-0.0033968687057495117,0.0009570121765136719,0.0004515466280281544,0.00039009738247841597,-6.144924554973841e-05,4.625190258026123,4.8126678466796875,0.18747758865356445
mistral_7b_v0_1,28,1,0.023451805114746094,0.03170299530029297,0.008251190185546875,0.0005629730876535177,0.00041452667210251093,-0.0001484464155510068,2.8839402198791504,3.0827064514160156,0.19876623153686523
mistral_7b_v0_1,29,1,0.018013954162597656,0.015352249145507812,-0.0026617050170898438,5.1518320105969906e-05,0.0011475235223770142,0.0010960052022710443,3.603611469268799,2.5884079933166504,-1.0152034759521484
mistral_7b_v0_1,30,1,-0.06035327911376953,0.024213790893554688,0.08456707000732422,0.0003999320324510336,0.0004011867567896843,1.2547243386507034e-06,4.942924976348877,4.067444801330566,-0.8754801750183105
mistral_7b_v0_1,31,1,0.0064580440521240234,-0.003117799758911133,-0.009575843811035156,0.00023684697225689888,0.00017214741092175245,-6.469956133514643e-05,3.4772231578826904,3.5734481811523438,0.09622502326965332
mistral_7b_v0_1,32,1,0.02110433578491211,0.00011682510375976562,-0.020987510681152344,0.0004425900988280773,7.673160871490836e-05,-0.00036585849011316895,3.630781412124634,3.7363791465759277,0.10559773445129395
mistral_7b_v0_1,36,1,-0.007050812244415283,-0.007540702819824219,-0.0004898905754089355,0.00020767748355865479,0.00022045942023396492,1.2781936675310135e-05,3.3198866844177246,3.316650390625,-0.0032362937927246094
mistral_7b_v0_1,37,1,2.6314519345760345e-05,0.0001440664054825902,0.00011775188613682985,1.839554897742346e-06,8.500079275108874e-06,6.660524377366528e-06,4.267141342163086,4.50106143951416,0.23392009735107422
mistral_7b_v0_1,38,1,-0.04601907730102539,-0.0016622543334960938,0.0443568229675293,0.0008224276825785637,0.00011973042273893952,-0.0007026972598396242,3.2671525478363037,3.2212612628936768,-0.04589128494262695
mistral_7b_v0_1,39,1,-0.02098548412322998,0.002549409866333008,0.02353489398956299,0.00044521730160340667,0.00010202962585026398,-0.0003431876757531427,3.256094217300415,3.472154140472412,0.21605992317199707
mistral_7b_v0_1,40,1,-0.0008177757263183594,0.004467010498046875,0.005284786224365234,2.9669958166778088e-05,0.0001651293132454157,0.0001354593550786376,3.967949628829956,4.143736362457275,0.17578673362731934
mistral_7b_v0_1,41,1,-0.0018873214721679688,-0.0015921592712402344,0.0002951622009277344,0.00032313051633536816,0.0003020267467945814,-2.1103769540786743e-05,4.241832733154297,4.284789562225342,0.04295682907104492
mistral_7b_v0_1,42,1,-0.0018364191055297852,-0.0006519556045532227,0.0011844635009765625,0.00012761761900037527,6.990169640630484e-05,-5.7715922594070435e-05,3.6385908126831055,3.329641342163086,-0.30894947052001953
mistral_7b_v0_1,45,1,-8.385628461837769e-05,0.00015225261449813843,0.0002361088991165161,2.5481494958512485e-06,1.019253977574408e-05,7.644390279892832e-06,2.762742280960083,3.116950511932373,0.35420823097229004
mistral_7b_v0_1,49,1,1.6549602150917053e-05,2.7384376153349876e-06,-1.3811164535582066e-05,1.1905699466296937e-06,5.505955869011814e-07,-6.399743597285124e-07,4.102023601531982,4.621598720550537,0.5195751190185547
mistral_7b_v0_1,50,1,-0.051410675048828125,-0.04816150665283203,0.0032491683959960938,0.0005202973261475563,0.0004249182529747486,-9.53790731728077e-05,3.805739402770996,3.8504910469055176,0.044751644134521484
mistral_7b_v0_1,53,1,-2.5544315576553345e-05,0.0027968548238277435,0.002822399139404297,2.329929884581361e-06,8.839189831633121e-05,8.606196843174985e-05,3.8561766147613525,3.5088510513305664,-0.34732556343078613
mistral_7b_v0_1,54,1,0.000140409916639328,0.002812206745147705,0.002671796828508377,1.066738332156092e-05,0.00011108198668807745,0.00010041460336651653,3.6639769077301025,3.938023805618286,0.2740468978881836
mistral_7b_v0_1,58,1,-0.0025000572204589844,0.0004048347473144531,0.0029048919677734375,6.252212915569544e-05,1.949758006958291e-05,-4.302454908611253e-05,3.2950081825256348,3.1616954803466797,-0.13331270217895508
mistral_7b_v0_1,59,1,0.00027439743280410767,0.0007414710707962513,0.00046707363799214363,8.322225767187774e-06,4.620774416252971e-05,3.788551839534193e-05,4.035106658935547,4.2627949714660645,0.22768831253051758
mistral_7b_v0_1,60,1,0.011971503496170044,0.0013941824436187744,-0.01057732105255127,0.00031175464391708374,0.00015399290714412928,-0.00015776173677295446,3.7212014198303223,4.281180381774902,0.5599789619445801
mistral_7b_v0_1,61,1,-0.007285714149475098,-0.001344442367553711,0.005941271781921387,0.0001909721177071333,7.753935642540455e-05,-0.00011343276128172874,3.223475933074951,3.0156590938568115,-0.20781683921813965
mistral_7b_v0_1,62,1,0.06131601333618164,0.06249642372131348,0.001180410385131836,0.0005909041501581669,0.0005351877771317959,-5.5716373026371e-05,4.162083625793457,4.1587233543396,-0.003360271453857422
mistral_7b_v0_1,63,1,-0.012863636016845703,-0.03797602653503418,-0.025112390518188477,0.00032186461612582207,0.00046749995090067387,0.0001456353347748518,4.348609924316406,3.236931800842285,-1.111678123474121
mistral_7b_v0_1,64,1,-8.212286047637463e-06,-0.00015021278522908688,-0.0001420004991814494,5.292672540235799e-07,8.184812031686306e-06,7.655544777662726e-06,4.234541416168213,4.215341567993164,-0.019199848175048828
mistral_7b_v0_1,66,1,0.009091019630432129,-0.00020188093185424805,-0.009292900562286377,0.00024275295436382294,7.564987754449248e-06,-0.0002351879666093737,3.5566091537475586,3.46398663520813,-0.09262251853942871
mistral_7b_v0_1,68,1,0.00011667050421237946,1.028459519147873e-05,-0.00010638590902090073,6.86078647049726e-06,3.7936756598355714e-06,-3.0671108106616884e-06,3.5152158737182617,3.37996768951416,-0.13524818420410156
mistral_7b_v0_1,69,1,-0.0005779266357421875,0.0013580322265625,0.0019359588623046875,1.0831980034708977e-05,3.780650513363071e-05,2.697452509892173e-05,2.805833578109741,3.2274954319000244,0.4216618537902832
mistral_7b_v0_1,70,1,-0.00019611604511737823,0.003274187445640564,0.003470303490757942,9.239882274414413e-06,0.00018072815146297216,0.00017148826918855775,3.9283809661865234,3.3346760272979736,-0.5937049388885498
mistral_7b_v0_1,71,1,-0.006959438323974609,-0.012060165405273438,-0.005100727081298828,0.00027190055698156357,0.0003635687753558159,9.166821837425232e-05,4.395944118499756,3.824475049972534,-0.5714690685272217
mistral_7b_v0_1,72,1,-0.0002961158752441406,-0.056827545166015625,-0.056531429290771484,7.83043506089598e-05,0.00022721337154507637,0.00014890902093611658,3.088225841522217,2.8636744022369385,-0.22455143928527832
mistral_7b_v0_1,73,1,0.0046615637838840485,0.0033379457890987396,-0.0013236179947853088,0.0002765940153039992,0.0002139488497050479,-6.264516559895128e-05,5.088438987731934,5.170468807220459,0.08202981948852539
mistral_7b_v0_1,74,1,0.009296178817749023,0.0043222904205322266,-0.004973888397216797,0.0002794440370053053,0.00019333098316565156,-8.611305383965373e-05,3.6361138820648193,3.921769380569458,0.28565549850463867
mistral_7b_v0_1,75,1,-0.0063351839780807495,0.025228291749954224,0.03156347572803497,0.00018147280206903815,0.0012933644466102123,0.0011118916445411742,4.2742156982421875,4.662103652954102,0.38788795471191406
mistral_7b_v0_1,76,1,-1.4819204807281494e-05,-6.161630153656006e-06,8.657574653625488e-06,4.627365342457779e-06,3.5717885111807846e-06,-1.0555768312769942e-06,4.640665054321289,4.530978202819824,-0.10968685150146484
mistral_7b_v0_1,78,1,0.001268625259399414,-0.000179290771484375,-0.001447916030883789,4.4658343540504575e-05,8.808750862954184e-06,-3.584959267755039e-05,3.245264768600464,3.500448226928711,0.25518345832824707
mistral_7b_v0_1,80,1,0.04538285732269287,0.04547250270843506,8.96453857421875e-05,0.0006526121869683266,0.0006087389774620533,-4.387320950627327e-05,3.427180767059326,4.000903606414795,0.5737228393554688
mistral_7b_v0_1,81,1,-0.0008854866027832031,0.09601831436157227,0.09690380096435547,4.6345347072929144e-05,0.0013549844734370708,0.0013086391263641417,3.2808096408843994,3.2742700576782227,-0.006539583206176758
mistral_7b_v0_1,82,1,0.010378599166870117,0.005585908889770508,-0.004792690277099609,0.00036292060394771397,0.000212828628718853,-0.00015009197522886097,3.679891347885132,4.164379596710205,0.48448824882507324
mistral_7b_v0_1,85,1,0.00028944388031959534,0.004803083837032318,0.004513639956712723,9.153358405455947e-06,0.0002742030192166567,0.00026504966081120074,3.2332265377044678,3.9091286659240723,0.6759021282196045
mistral_7b_v0_1,86,1,0.034069061279296875,0.011952400207519531,-0.022116661071777344,0.0005210461094975471,0.00029664067551493645,-0.0002244054339826107,4.312552452087402,3.5380423069000244,-0.7745101451873779
mistral_7b_v0_1,88,1,-0.0073642730712890625,-0.008296966552734375,-0.0009326934814453125,0.000209086574614048,0.0004683600855059922,0.00025927351089194417,3.2665441036224365,3.4578092098236084,0.19126510620117188
mistral_7b_v0_1,89,1,-0.00010585784912109375,-0.00046700239181518555,-0.0003611445426940918,4.375280695967376e-06,2.4386841687373817e-05,2.001156099140644e-05,3.317650079727173,3.372715950012207,0.05506587028503418
mistral_7b_v0_1,90,1,-0.059149742126464844,-0.14618778228759766,-0.08703804016113281,0.00017363645019941032,0.00047324132174253464,0.0002996048715431243,5.121553421020508,4.6418304443359375,-0.4797229766845703
mistral_7b_v0_1,92,1,-0.0014418363571166992,-0.00023919343948364258,0.0012026429176330566,3.3627700759097934e-05,1.9003942725248635e-05,-1.4623758033849299e-05,3.735788345336914,3.7183680534362793,-0.017420291900634766
mistral_7b_v0_1,93,1,-1.4171004295349121e-05,-0.007641270756721497,-0.0076270997524261475,1.4111756172496825e-06,0.00021188115351833403,0.00021046997790108435,2.7424771785736084,2.8840441703796387,0.14156699180603027
mistral_7b_v0_1,94,1,-0.0008351989090442657,-0.00044307857751846313,0.0003921203315258026,8.759586489759386e-05,1.43878860399127e-05,-7.320797885768116e-05,4.450610160827637,5.165234088897705,0.7146239280700684
mistral_7b_v0_1,95,1,-0.06203007698059082,-0.0010557174682617188,0.0609743595123291,0.00018109125085175037,3.338200622238219e-05,-0.00014770924462936819,3.4693214893341064,3.0283308029174805,-0.440990686416626
mistral_7b_v0_1,96,1,-4.7124922275543213e-07,-2.3562461137771606e-07,2.3562461137771606e-07,3.1130929301070864e-07,-1.1186523352080258e-07,-4.231745265315112e-07,3.482182264328003,2.898214101791382,-0.5839681625366211
mistral_7b_v0_1,99,1,-0.0002334117889404297,0.020078659057617188,0.020312070846557617,6.062657485017553e-05,0.0005402114475145936,0.00047958487266441807,3.3013038635253906,3.495891571044922,0.19458770751953125
mistral_7b_v0_1,100,1,0.0001766728237271309,0.0001039775088429451,-7.269531488418579e-05,1.2036740372423083e-05,5.1673991947609466e-06,-6.869341177662136e-06,3.1317546367645264,3.3878304958343506,0.2560758590698242
mistral_7b_v0_1,101,1,0.0005074143409729004,0.008107483386993408,0.007600069046020508,4.5708373363595456e-05,0.00024662999203428626,0.0002009216186706908,3.732234477996826,3.4603350162506104,-0.2718994617462158
mistral_7b_v0_1,103,1,-0.012292742729187012,-0.012392759323120117,-0.00010001659393310547,0.00037987763062119484,0.0003897021524608135,9.824521839618683e-06,3.3885371685028076,3.378938913345337,-0.009598255157470703
mistral_7b_v0_1,104,1,-0.00027854740619659424,-0.000476837158203125,-0.00019828975200653076,1.5846802853047848e-05,2.2052263375371695e-05,6.205460522323847e-06,3.6974024772644043,3.877605438232422,0.18020296096801758
mistral_7b_v0_1,105,1,-0.0006387829780578613,-0.0009149834513664246,-0.00027620047330856323,1.9494269508868456e-05,2.840626984834671e-05,8.912000339478254e-06,3.6040735244750977,2.926717519760132,-0.6773560047149658
mistral_7b_v0_1,107,1,-0.005175232887268066,0.00016295909881591797,0.005338191986083984,0.0001573720946907997,1.9331506337039173e-05,-0.00013804058835376054,2.8620996475219727,2.932964563369751,0.07086491584777832
mistral_7b_v0_1,108,1,-0.00023227185010910034,-5.4799020290374756e-05,0.00017747282981872559,2.0210121874697506e-05,1.3410841347649693e-05,-6.799280527047813e-06,3.6116538047790527,3.7636516094207764,0.15199780464172363
mistral_7b_v0_1,109,1,-0.01901102066040039,0.003029346466064453,0.022040367126464844,0.0003793955547735095,0.00019711052300408483,-0.00018228503176942468,3.84182071685791,3.33539080619812,-0.50642991065979
mistral_7b_v0_1,110,1,-0.00020265579223632812,0.028490543365478516,0.028693199157714844,9.351043263450265e-05,0.00012653990415856242,3.302947152405977e-05,3.4577364921569824,4.039419651031494,0.5816831588745117
mistral_7b_v0_1,111,1,-0.015452384948730469,-0.012680530548095703,0.0027718544006347656,0.0005634257104247808,0.0003562432248145342,-0.00020718248561024666,3.3511617183685303,3.422978162765503,0.07181644439697266
mistral_7b_v0_1,112,1,0.0010226070880889893,0.001656651496887207,0.0006340444087982178,3.123318310827017e-05,5.016836803406477e-05,1.89351849257946e-05,3.266145706176758,3.4377236366271973,0.17157793045043945
mistral_7b_v0_1,113,1,0.0027446746826171875,-0.0588383674621582,-0.06158304214477539,9.598545148037374e-05,0.0001111383899115026,1.515293843112886e-05,2.928565263748169,2.966346502304077,0.0377812385559082
mistral_7b_v0_1,115,1,7.847324013710022e-05,3.50484624505043e-05,-4.342477768659592e-05,3.188713890267536e-06,2.120699718943797e-06,-1.068014171323739e-06,3.5293939113616943,3.5038397312164307,-0.025554180145263672
mistral_7b_v0_1,118,1,0.002179950475692749,-0.0020069479942321777,-0.004186898469924927,0.00013789429794996977,9.294017218053341e-05,-4.495412576943636e-05,3.6638762950897217,3.984743118286133,0.32086682319641113
mistral_7b_v0_1,119,1,-0.05727672576904297,-0.0005049705505371094,0.05677175521850586,0.00019398695440031588,4.7959183575585485e-05,-0.0001460277708247304,3.1942813396453857,3.1383588314056396,-0.055922508239746094
mistral_7b_v0_1,120,1,-0.00011849403381347656,0.010616064071655273,0.01073455810546875,4.252418875694275e-06,0.000273775338428095,0.0002695229195524007,5.172523498535156,6.529723167419434,1.3571996688842773
mistral_7b_v0_1,122,1,-0.0008082389831542969,-0.0036745071411132812,-0.0028662681579589844,0.00011388701386749744,0.0001141601096605882,2.730957930907607e-07,3.619619846343994,3.6963467597961426,0.07672691345214844
mistral_7b_v0_1,123,1,-0.0028191208839416504,-0.026547789573669434,-0.023728668689727783,0.0001201271079480648,0.0004917420446872711,0.0003716149367392063,3.5554983615875244,3.596644639968872,0.041146278381347656
mistral_7b_v0_1,124,1,0.0016647577285766602,-0.0006428360939025879,-0.002307593822479248,0.00013291678624227643,0.00019292201614007354,6.000522989779711e-05,4.0264573097229,4.001220703125,-0.02523660659790039
mistral_7b_v0_1,125,1,-1.8792226910591125e-05,-4.210486076772213e-05,-2.3312633857131004e-05,9.680139783085906e-07,1.3264743756735697e-06,3.5846039736497914e-07,3.6061744689941406,3.790982484817505,0.18480801582336426
mistral_7b_v0_1,126,1,7.012113928794861e-05,-0.00020543858408927917,-0.0002755597233772278,1.4515335351461545e-05,8.259114110842347e-06,-6.2562212406191975e-06,2.834725856781006,3.082338809967041,0.24761295318603516
mistral_7b_v0_1,127,1,-0.021768629550933838,0.0009206533432006836,0.02268928289413452,0.0005124770104885101,0.0003172729630023241,-0.00019520404748618603,5.056509971618652,4.751121997833252,-0.3053879737854004
mistral_7b_v0_1,130,1,0.002522081136703491,0.0006520450115203857,-0.0018700361251831055,7.377425208687782e-05,1.918396446853876e-05,-5.459028761833906e-05,3.7551071643829346,3.727991819381714,-0.027115345001220703
mistral_7b_v0_1,131,1,0.005996048450469971,0.020908892154693604,0.014912843704223633,0.00022194885241333395,0.0005971945356577635,0.00037524568324442953,4.227547645568848,4.527442932128906,0.2998952865600586
mistral_7b_v0_1,132,1,-0.006628513336181641,-0.0012843608856201172,0.0053441524505615234,0.0001992934849113226,7.09623855073005e-05,-0.0001283310994040221,3.171205997467041,3.173964500427246,0.002758502960205078
mistral_7b_v0_1,134,1,0.00048020482063293457,0.0011869966983795166,0.000706791877746582,3.640766954049468e-05,8.261809125542641e-05,4.6210421714931726e-05,3.3406448364257812,3.413527250289917,0.07288241386413574
mistral_7b_v0_1,136,1,-0.00030324794352054596,-0.00011919625103473663,0.00018405169248580933,1.8891470972448587e-05,2.3463187972083688e-05,4.5717169996351e-06,3.706923723220825,3.9319968223571777,0.22507309913635254
mistral_7b_v0_1,137,1,0.0005667861551046371,-0.0006641373038291931,-0.0012309234589338303,1.738249557092786e-05,2.115042479999829e-05,3.7679292290704325e-06,3.6525847911834717,3.2875242233276367,-0.36506056785583496
mistral_7b_v0_1,138,1,0.0001819133758544922,0.00022745132446289062,4.553794860839844e-05,8.160765901266132e-06,1.2738062650896609e-05,4.577296749630477e-06,3.65226674079895,4.359695911407471,0.7074291706085205
mistral_7b_v0_1,140,1,0.03060173988342285,0.029748976230621338,-0.0008527636528015137,0.0005729058757424355,0.0005609309300780296,-1.1974945664405823e-05,3.691628932952881,3.1400673389434814,-0.5515615940093994
mistral_7b_v0_1,141,1,0.029000282287597656,-0.012902021408081055,-0.04190230369567871,0.00047880876809358597,0.00035399640910327435,-0.00012481235899031162,3.130434989929199,3.2822461128234863,0.1518111228942871
mistral_7b_v0_1,143,1,0.0014061927795410156,0.0006594657897949219,-0.0007467269897460938,9.889045031741261e-05,3.515681601129472e-05,-6.373363430611789e-05,3.774773359298706,3.3747880458831787,-0.39998531341552734
mistral_7b_v0_1,145,1,-0.015237241983413696,-0.015013113617897034,0.0002241283655166626,0.0006351862102746964,0.0004197070375084877,-0.00021547917276620865,3.2170538902282715,2.8314168453216553,-0.3856370449066162
mistral_7b_v0_1,147,1,0.007839903235435486,0.00242064893245697,-0.005419254302978516,0.00022270181216299534,7.226970046758652e-05,-0.00015043211169540882,3.5010952949523926,3.643433094024658,0.14233779907226562
mistral_7b_v0_1,149,1,-3.589596599340439e-05,0.00018475856631994247,0.00022065453231334686,4.057334990648087e-06,1.927842095028609e-05,1.5221085959638003e-05,3.600416421890259,4.703233242034912,1.1028168201446533
mistral_7b_v0_1,151,1,-0.00017523765563964844,-0.0012137293815612793,-0.0010384917259216309,3.6710116546601057e-06,3.2527255825698376e-05,2.885624417103827e-05,2.8075616359710693,3.417895555496216,0.6103339195251465
mistral_7b_v0_1,152,1,-2.7365749701857567e-06,1.1897645890712738e-06,3.9263395592570305e-06,4.735279617307242e-07,3.0695662189828e-07,-1.665713398324442e-07,3.622396230697632,4.245733737945557,0.6233375072479248
mistral_7b_v0_1,153,1,-0.0010472331196069717,-0.0010653268545866013,-1.8093734979629517e-05,6.623285298701376e-05,6.876057159388438e-05,2.5277186068706214e-06,4.849128246307373,5.439927101135254,0.5907988548278809
mistral_7b_v0_1,154,1,0.007710456848144531,0.016925811767578125,0.009215354919433594,0.0002610591473057866,0.0005179243162274361,0.00025686516892164946,3.772465229034424,3.7175204753875732,-0.054944753646850586
mistral_7b_v0_1,155,1,-0.001645803451538086,0.0008432865142822266,0.0024890899658203125,0.00017477874644100666,0.0002007639268413186,2.5985180400311947e-05,3.6662023067474365,3.7228527069091797,0.056650400161743164
mistral_7b_v0_1,156,1,-9.612645953893661e-06,-2.0768027752637863e-05,-1.1155381798744202e-05,8.089095899777021e-07,1.0375597412348725e-06,2.2865015125717036e-07,3.2267982959747314,3.511995315551758,0.28519701957702637
mistral_7b_v0_1,157,1,-0.0011951327323913574,0.0001163482666015625,0.00131148099899292,4.074274329468608e-05,4.080053258803673e-06,-3.6662690035882406e-05,3.514664649963379,3.5180084705352783,0.003343820571899414
mistral_7b_v0_1,158,1,-4.184246063232422e-05,0.0036536455154418945,0.0036954879760742188,2.275657607242465e-05,0.00011117546819150448,8.841889211907983e-05,3.083216667175293,3.602168560028076,0.5189518928527832
mistral_7b_v0_1,159,1,-0.0244293212890625,-0.026674270629882812,-0.0022449493408203125,0.00024996831780299544,0.00023053237237036228,-1.943594543263316e-05,3.6806468963623047,3.341228723526001,-0.3394181728363037
mistral_7b_v0_1,160,1,-0.0014957338571548462,-7.209740579128265e-05,0.0014236364513635635,4.643795546144247e-05,2.2721069399267435e-06,-4.416584852151573e-05,4.169754505157471,4.292100429534912,0.1223459243774414
mistral_7b_v0_1,161,1,-0.0033068954944610596,0.00010254979133605957,0.003409445285797119,0.00012489379150792956,6.099144229665399e-06,-0.00011879464727826416,3.692566394805908,3.030191659927368,-0.66237473487854
mistral_7b_v0_1,164,1,-0.05092501640319824,0.0030431747436523438,0.053968191146850586,0.0002964986488223076,9.320094250142574e-05,-0.00020329770632088184,4.048126220703125,3.6732938289642334,-0.3748323917388916
mistral_7b_v0_1,166,1,-0.0004699826240539551,-0.0005410164594650269,-7.103383541107178e-05,2.919271355494857e-05,3.9927574107423425e-05,1.0734860552474856e-05,5.068995475769043,4.672420978546143,-0.3965744972229004
mistral_7b_v0_1,167,1,0.039498209953308105,0.003212153911590576,-0.03628605604171753,0.0006311861798167229,0.0001375314313918352,-0.0004936547484248877,4.245756149291992,4.336840629577637,0.09108448028564453
mistral_7b_v0_1,168,1,-0.013742506504058838,-0.001977682113647461,0.011764824390411377,0.0003936476132366806,9.781285189092159e-05,-0.00029583476134575903,5.857541561126709,6.444113731384277,0.5865721702575684
mistral_7b_v0_1,171,1,0.0012005865573883057,-4.087388515472412e-05,-0.0012414604425430298,3.894545807270333e-05,2.141183358617127e-06,-3.6804274714086205e-05,3.45271372795105,3.3175809383392334,-0.1351327896118164
mistral_7b_v0_1,172,1,-0.0012339800596237183,-0.0009664148092269897,0.0002675652503967285,5.061522824689746e-05,3.9003207348287106e-05,-1.1612020898610353e-05,3.648988962173462,3.9003942012786865,0.2514052391052246
mistral_7b_v0_1,174,1,-0.009240388870239258,-0.008436918258666992,0.0008034706115722656,0.00025223917327821255,0.00023650005459785461,-1.5739118680357933e-05,2.912808418273926,2.9131085872650146,0.0003001689910888672
mistral_7b_v0_1,175,1,0.004645824432373047,0.024048328399658203,0.019402503967285156,0.00021246541291475296,0.0005657353904098272,0.00035326997749507427,3.397763729095459,3.5818240642547607,0.18406033515930176
mistral_7b_v0_1,177,1,-0.0006747245788574219,-0.008437871932983398,-0.0077631473541259766,9.723537368699908e-05,0.00041523901745676994,0.00031800364376977086,3.1395483016967773,3.700388193130493,0.5608398914337158
mistral_7b_v0_1,178,1,-0.04489895701408386,3.0994415283203125e-05,0.044929951429367065,0.0018334724009037018,2.074622898362577e-06,-0.0018313977780053392,2.9297139644622803,3.3510067462921143,0.421292781829834
mistral_7b_v0_1,179,1,-0.0071051716804504395,-0.000269085168838501,0.0068360865116119385,0.00023523718118667603,4.176217771600932e-05,-0.0001934750034706667,4.03504753112793,3.8740594387054443,-0.16098809242248535
mistral_7b_v0_1,181,1,-0.0004070904105901718,0.002617601305246353,0.003024691715836525,1.3764627510681748e-05,0.00014477618969976902,0.00013101156218908727,3.476698875427246,3.3911781311035156,-0.08552074432373047
mistral_7b_v0_1,182,1,0.0003198320046067238,-1.9792933017015457e-05,-0.00033962493762373924,9.817653335630894e-06,7.373104153884924e-07,-9.080342920242401e-06,3.3379764556884766,2.954317808151245,-0.38365864753723145
mistral_7b_v0_1,183,1,-0.05654478073120117,-0.06358695030212402,-0.0070421695709228516,0.0005415603518486023,0.0004468456900212914,-9.471466182731092e-05,3.3344063758850098,3.396064519882202,0.06165814399719238
mistral_7b_v0_1,184,1,0.07761859893798828,0.07738220691680908,-0.00023639202117919922,0.0018473094096407294,0.0018433521036058664,-3.957306034862995e-06,2.538111686706543,2.6923582553863525,0.15424656867980957
mistral_7b_v0_1,185,1,4.51505184173584e-06,-0.0008491799235343933,-0.0008536949753761292,1.9287635950604454e-06,2.628285437822342e-05,2.4354090783162974e-05,3.3480820655822754,3.741412878036499,0.39333081245422363
mistral_7b_v0_1,186,1,-0.002578049898147583,-0.011003851890563965,-0.008425801992416382,7.389741949737072e-05,0.0003068463411182165,0.0002329489216208458,2.788379669189453,3.3899526596069336,0.6015729904174805
mistral_7b_v0_1,188,1,-0.004347324371337891,0.006680607795715332,0.011027932167053223,0.00021692999871447682,0.00023337011225521564,1.644011354073882e-05,3.81594181060791,3.424013376235962,-0.39192843437194824
mistral_7b_v0_1,189,1,0.0002040863037109375,-0.0002149343490600586,-0.0004190206527709961,2.7956994017586112e-05,2.6779278414323926e-05,-1.177715603262186e-06,3.4948325157165527,3.2004008293151855,-0.2944316864013672
mistral_7b_v0_1,190,1,0.01235198974609375,-0.034366607666015625,-0.046718597412109375,0.000148395833093673,0.0001802336482796818,3.183781518600881e-05,3.5537781715393066,3.716284990310669,0.1625068187713623
mistral_7b_v0_1,191,1,-0.019846439361572266,-0.002489805221557617,0.01735663414001465,0.0004971331218257546,0.000126522034406662,-0.00037061108741909266,3.156467914581299,4.4342942237854,1.2778263092041016
mistral_7b_v0_1,192,1,0.0013497471809387207,0.011785387992858887,0.010435640811920166,0.0001848796382546425,0.00035610090708360076,0.00017122126882895827,3.7204525470733643,3.8174960613250732,0.09704351425170898
mistral_7b_v0_1,193,1,0.006792537868022919,0.0065856873989105225,-0.00020685046911239624,0.00020808668341487646,0.00019567611161619425,-1.2410571798682213e-05,3.850186347961426,4.286281108856201,0.4360947608947754
mistral_7b_v0_1,194,1,0.0022430419921875,-0.029253005981445312,-0.03149604797363281,0.00011564847227418795,0.00022505881497636437,0.00010941034270217642,3.874772787094116,3.8880982398986816,0.01332545280456543
mistral_7b_v0_1,195,1,-8.940696716308594e-08,6.854534149169922e-07,7.748603820800781e-07,-1.1611788863774564e-08,-4.612623172306485e-08,-3.4514442859290284e-08,2.681173086166382,3.092007637023926,0.41083455085754395
mistral_7b_v0_1,196,1,0.00499725341796875,-0.0016145706176757812,-0.006611824035644531,0.000198046094737947,0.00012358382809907198,-7.446226663887501e-05,3.1848552227020264,3.412731409072876,0.2278761863708496
mistral_7b_v0_1,197,1,-0.0002092663198709488,-0.001509329304099083,-0.0013000629842281342,6.5112317315652035e-06,5.7526587625034153e-05,5.101535589346895e-05,3.2058515548706055,3.980452299118042,0.7746007442474365
mistral_7b_v0_1,198,1,7.262453436851501e-05,-0.00012654252350330353,-0.00019916705787181854,2.236432919744402e-06,4.036133759655058e-06,1.7997008399106562e-06,3.2355806827545166,3.308457612991333,0.0728769302368164
mistral_7b_v0_1,199,1,-0.0003107786178588867,-0.0008960962295532227,-0.0005853176116943359,0.00012324051931500435,0.00016521767247468233,4.197715315967798e-05,3.1737334728240967,3.2681262493133545,0.09439277648925781
mistral_7b_v0_1,200,1,0.0009772777557373047,-0.011245250701904297,-0.012222528457641602,0.0005230414681136608,0.0003290295135229826,-0.00019401195459067822,3.1321537494659424,3.8845510482788086,0.7523972988128662
mistral_7b_v0_1,201,1,7.954239845275879e-05,2.9653310775756836e-05,-4.988908767700195e-05,2.3640614017494954e-06,7.934149834909476e-07,-1.5706464182585478e-06,2.5005710124969482,2.9877450466156006,0.48717403411865234
mistral_7b_v0_1,202,1,0.008063793182373047,0.00018334388732910156,-0.007880449295043945,0.00039860233664512634,5.5346390581689775e-05,-0.00034325594606343657,3.66041898727417,3.229207992553711,-0.431210994720459
mistral_7b_v0_1,206,1,-5.1841139793395996e-05,-0.0001653134822845459,-0.0001134723424911499,4.91895480081439e-06,4.608365998137742e-06,-3.105888026766479e-07,2.8267219066619873,3.4258217811584473,0.59909987449646
mistral_7b_v0_1,207,1,-0.0004679188132286072,-0.0003664568066596985,0.00010146200656890869,1.5068741049617529e-05,1.2452990631572902e-05,-2.6157504180446267e-06,3.5428411960601807,3.622849702835083,0.08000850677490234
mistral_7b_v0_1,208,1,-3.337860107421875e-06,-0.013417482376098633,-0.013414144515991211,2.6895033442997374e-05,0.0003351829946041107,0.00030828796116111334,3.678438901901245,3.5885066986083984,-0.08993220329284668
mistral_7b_v0_1,209,1,0.0011876821517944336,0.02117776870727539,0.019990086555480957,5.780086212325841e-05,0.0005219933809712529,0.0004641925188479945,3.68896484375,3.601447105407715,-0.08751773834228516
mistral_7b_v0_1,210,1,0.020185470581054688,0.026403427124023438,0.00621795654296875,0.00037696678191423416,0.0004913979209959507,0.00011443113908171654,3.65895676612854,3.4950335025787354,-0.1639232635498047
mistral_7b_v0_1,211,1,0.01111513376235962,-0.021579205989837646,-0.032694339752197266,0.0003670933947432786,0.00046239420771598816,9.530081297270954e-05,3.7115163803100586,3.3612310886383057,-0.35028529167175293
mistral_7b_v0_1,212,1,-0.0027561187744140625,-0.024669647216796875,-0.021913528442382812,0.00010886392556130886,0.00048564071767032146,0.0003767767921090126,3.333951234817505,3.401069164276123,0.06711792945861816
mistral_7b_v0_1,213,1,0.0005811452865600586,-0.0032933950424194336,-0.003874540328979492,3.7656325730495155e-05,0.00012252246960997581,8.486614387948066e-05,3.4290711879730225,3.2866976261138916,-0.14237356185913086
mistral_7b_v0_1,214,1,-4.291534423828125e-06,-6.735324859619141e-06,-2.4437904357910156e-06,2.7791156753664836e-07,6.423670129152015e-08,-2.1367486624512821e-07,2.535684108734131,2.301619291305542,-0.23406481742858887
mistral_7b_v0_1,216,1,0.006683826446533203,0.005863666534423828,-0.000820159912109375,0.00024659326300024986,0.0005515352822840214,0.0003049420192837715,3.046212911605835,2.938671112060547,-0.10754179954528809
mistral_7b_v0_1,218,1,0.007265567779541016,-0.0003981590270996094,-0.007663726806640625,0.00027271208819001913,0.00021263225062284619,-6.0079837567172945e-05,3.604262113571167,3.6343791484832764,0.030117034912109375
mistral_7b_v0_1,221,1,0.0034761428833007812,0.0044403076171875,0.0009641647338867188,9.078287985175848e-05,0.00011737336171790957,2.6590481866151094e-05,3.311192512512207,3.2041728496551514,-0.10701966285705566
mistral_7b_v0_1,222,1,3.810855560004711e-06,-9.277439676225185e-05,-9.658525232225657e-05,6.527876621476025e-07,5.121048161527142e-06,4.468260499379539e-06,4.174264907836914,4.774428844451904,0.6001639366149902
mistral_7b_v0_1,223,1,-0.004237264394760132,0.010401427745819092,0.014638692140579224,0.0002022006083279848,0.0004398743622004986,0.00023767375387251377,4.92790412902832,4.25665807723999,-0.6712460517883301
mistral_7b_v0_1,224,1,0.01977306604385376,0.017373621463775635,-0.002399444580078125,0.0005473389755934477,0.0004937981721013784,-5.3540803492069244e-05,3.6476800441741943,3.5527946949005127,-0.09488534927368164
mistral_7b_v0_1,225,1,2.5779008865356445e-05,0.0011813528835773468,0.0011555738747119904,1.0374387784395367e-06,8.171043009497225e-05,8.067299131653272e-05,2.8311097621917725,3.6631712913513184,0.8320615291595459
mistral_7b_v0_1,226,1,-0.0086669921875,-0.01631927490234375,-0.00765228271484375,0.0006805933080613613,0.0004382187034934759,-0.0002423746045678854,3.8706343173980713,3.710735559463501,-0.1598987579345703
mistral_7b_v0_1,227,1,-0.004754066467285156,-0.022564411163330078,-0.017810344696044922,0.00010599926463328302,0.0003838404081761837,0.0002778411435429007,3.9188332557678223,4.0637359619140625,0.14490270614624023
mistral_7b_v0_1,228,1,-0.0006668567657470703,0.002123594284057617,0.0027904510498046875,0.000166366808116436,0.0001400614855811,-2.6305322535336018e-05,3.2896530628204346,3.1247856616973877,-0.16486740112304688
mistral_7b_v0_1,229,1,-0.036011695861816406,-0.0010128021240234375,0.03499889373779297,0.0001741413725540042,0.0001236794632859528,-5.0461909268051386e-05,3.260537624359131,3.4621846675872803,0.20164704322814941
mistral_7b_v0_1,230,1,0.0027070045471191406,0.0006291866302490234,-0.002077817916870117,9.811786003410816e-05,2.870917523978278e-05,-6.940868479432538e-05,3.302647829055786,3.4927737712860107,0.1901259422302246
mistral_7b_v0_1,231,1,-6.258487701416016e-07,6.198883056640625e-05,6.261467933654785e-05,8.906390576157719e-07,1.8268074200022966e-06,9.361683623865247e-07,3.547851324081421,3.517671823501587,-0.030179500579833984
mistral_7b_v0_1,232,1,-0.00030112266540527344,0.00027489662170410156,0.000576019287109375,0.00014796145842410624,0.000236575142480433,8.861368405632675e-05,3.2271406650543213,3.414210796356201,0.18707013130187988
mistral_7b_v0_1,233,1,0.023277759552001953,-0.0021276473999023438,-0.025405406951904297,0.00030816253274679184,0.00016491051064804196,-0.00014325202209874988,3.1887829303741455,3.5626025199890137,0.37381958961486816
mistral_7b_v0_1,236,1,0.011839628219604492,0.011851787567138672,1.2159347534179688e-05,0.0002981382131110877,0.0002982919104397297,1.536973286420107e-07,2.0030434131622314,2.5366978645324707,0.5336544513702393
mistral_7b_v0_1,237,1,0.0012600421905517578,0.00024080276489257812,-0.0010192394256591797,5.195010453462601e-05,2.4953187676146626e-05,-2.699691685847938e-05,3.5810086727142334,3.4240500926971436,-0.15695858001708984
mistral_7b_v0_1,239,1,-0.0018346309661865234,-0.002221822738647461,-0.0003871917724609375,5.881686229258776e-05,0.00011060085671488196,5.17839944222942e-05,3.626235246658325,4.09844446182251,0.47220921516418457
mistral_7b_v0_1,240,1,0.0008293986320495605,0.000707775354385376,-0.00012162327766418457,2.7319052605889738e-05,3.5557051887735724e-05,8.237999281845987e-06,2.9698777198791504,3.4211206436157227,0.45124292373657227
mistral_7b_v0_1,241,1,0.053931236267089844,0.053055763244628906,-0.0008754730224609375,0.0005574452225118876,0.0005439717788249254,-1.3473443686962128e-05,3.0846729278564453,3.082594156265259,-0.0020787715911865234
mistral_7b_v0_1,242,1,-2.3841203073970973e-06,-2.8609447326743975e-06,-4.768244252773002e-07,1.9587957922340138e-07,3.769753220694838e-08,-1.58182047016453e-07,5.432356357574463,4.271118640899658,-1.1612377166748047
mistral_7b_v0_1,243,1,-0.00045871734619140625,0.0021209716796875,0.0025796890258789062,0.00012621478526853025,0.00020370498532429338,7.749020005576313e-05,3.348939895629883,3.3498148918151855,0.0008749961853027344
mistral_7b_v0_1,244,1,0.0007497072219848633,0.00018268823623657227,-0.000567018985748291,5.094295192975551e-05,5.0399088650010526e-05,-5.438632797449827e-07,3.3273589611053467,3.1860063076019287,-0.14135265350341797
mistral_7b_v0_1,245,1,-0.04118978977203369,-1.1920928955078125e-05,0.04117786884307861,0.00043944467324763536,9.191076969727874e-06,-0.0004302535962779075,3.012996196746826,3.1660423278808594,0.1530461311340332
mistral_7b_v0_1,248,1,0.016734451055526733,-0.00032979249954223633,-0.01706424355506897,0.000385550782084465,1.84852397069335e-05,-0.00036706554237753153,3.554067373275757,3.5718820095062256,0.01781463623046875
mistral_7b_v0_1,249,1,-0.028245925903320312,0.034114837646484375,0.06236076354980469,8.741975761950016e-05,9.265771950595081e-05,5.237961886450648e-06,3.1731603145599365,3.6697590351104736,0.4965987205505371
mistral_7b_v0_1,250,1,0.00497591495513916,-0.0015081167221069336,-0.006484031677246094,0.000243682530708611,0.0004934717435389757,0.0002497892128303647,3.51914381980896,3.198739767074585,-0.320404052734375
mistral_7b_v0_1,251,1,0.042795777320861816,0.04489707946777344,0.002101302146911621,0.0004760078154504299,0.00046020466834306717,-1.5803147107362747e-05,3.4545555114746094,3.2625744342803955,-0.19198107719421387
mistral_7b_v0_1,252,1,0.0019982755184173584,-0.00016242265701293945,-0.002160698175430298,9.684194810688496e-05,5.076885281596333e-05,-4.607309529092163e-05,3.295563220977783,3.395566940307617,0.10000371932983398
mistral_7b_v0_1,254,1,-1.3112075976096094e-06,-1.1920055840164423e-06,1.1920201359316707e-07,-1.6856000684128958e-07,-1.79766431074313e-07,-1.1206424233023426e-08,2.8612706661224365,2.9202969074249268,0.059026241302490234
mistral_7b_v0_1,255,1,0.02488255500793457,-0.026373863220214844,-0.051256418228149414,0.00048427004367113113,0.0004918309859931469,7.560942322015762e-06,3.607135772705078,3.1145272254943848,-0.49260854721069336
